scenarioname,itemname,itemorder,notes,RunTime
SOIP (AOP 2023 MFG V2) (Dedicated Overrides MultiSourcing),Set Depot Capacity,0,,2023-04-14 13:17:22
SOIP (AOP 2023 MFG V2) (Dedicated Overrides MultiSourcing),Multi Source - Customers - (2) Include MS Options,11,,2023-04-14 13:17:22
SOIP (AOP 2023 MFG V2) (Dedicated Overrides MultiSourcing),Multi Source - Distributors - (2) Include MS Options,12,,2023-04-14 13:17:22
SOIP (AOP 2023 MFG V2) (Dedicated Overrides MultiSourcing),Monthly Adj - Add Storage at MFG,13,,2023-04-14 13:17:22
SOIP (AOP 2023 MFG V2) (Dedicated Overrides MultiSourcing),Monthly Repair Variance - 010 - Production,14,,2023-04-14 13:17:22
SOIP (AOP 2023 MFG V2) (Dedicated Overrides MultiSourcing),Annual Repair Variance - 020 - Expression - Next 12,15,,2023-04-14 13:17:22
SOIP (AOP 2023 MFG V2) (Dedicated Overrides MultiSourcing),Annual Repair Variance - 020 - Expression - Next 12_supporting_item,16,,2023-04-14 13:17:22
SOIP (AOP 2023 MFG V2) (Dedicated Overrides MultiSourcing),Adjust Mexico MFG - Period 07,17,,2023-04-14 13:17:22
SOIP (AOP 2023 MFG V2) (Dedicated Overrides MultiSourcing),Adjust Mexico MFG - Period 09,18,,2023-04-14 13:17:22
SOIP (AOP 2023 MFG V2) (Dedicated Overrides MultiSourcing),Adjust Mexico MFG - Period 11,19,,2023-04-14 13:17:22
SOIP (AOP 2023 MFG V2) (Dedicated Overrides MultiSourcing),FQ Anderson Operational Sourcing,20,,2023-04-14 13:17:22
SOIP (AOP 2023 MFG V2) (Dedicated Overrides MultiSourcing),Dallas Option For MFG Renters,21,,2023-04-14 13:17:22
SOIP (AOP 2023 MFG V2) (Dedicated Overrides MultiSourcing),Exclude Base - Issues,22,,2023-04-14 13:17:22
SOIP (AOP 2023 MFG V2) (Dedicated Overrides MultiSourcing),Exclude Base - Returns,23,,2023-04-14 13:17:22
SOIP (AOP 2023 MFG V2) (Dedicated Overrides MultiSourcing),Exclude Base - MFG,24,,2023-04-14 13:17:22
SOIP (AOP 2023 MFG V2) (Dedicated Overrides MultiSourcing),Exclude Base - Min Repairs,25,,2023-04-14 13:17:22
SOIP (AOP 2023 MFG V2) (Dedicated Overrides MultiSourcing),AOP 2023 - Issues,26,,2023-04-14 13:17:22
SOIP (AOP 2023 MFG V2) (Dedicated Overrides MultiSourcing),AOP 2023 - Returns,27,,2023-04-14 13:17:22
SOIP (AOP 2023 MFG V2) (Dedicated Overrides MultiSourcing),AOP 2023 - MFG V2,28,,2023-04-14 13:17:22
SOIP (AOP 2023 MFG V2) (Dedicated Overrides MultiSourcing),AOP 2023 - Increase MFG in Period 04 To offset Inv and Returns V2,29,,2023-04-14 13:17:22
SOIP (AOP 2023 MFG V2) (Dedicated Overrides MultiSourcing),AOP 2023 - Min Repairs,30,,2023-04-14 13:17:22
SOIP (Quarterly),Set Depot Capacity,0,,2023-04-14 13:17:22
SOIP (Quarterly),Set Repair Capacity,1,,2023-04-14 13:17:22
SOIP (Quarterly),No Inventory At Renter Distributor Sorts,2,,2023-04-14 13:17:22
SOIP (Quarterly),Min Repair As Day Mins By Month,3,,2023-04-14 13:17:22
SOIP (Quarterly),Minimun Inventory Levels,4,,2023-04-14 13:17:22
SOIP (Quarterly),Max WIP Inventory - Inventory Constraints,5,,2023-04-14 13:17:22
SOIP (Quarterly),Max WIP Inventory - Expression Constraints,6,,2023-04-14 13:17:22
SOIP (Quarterly),Max WIP Inventory - Expression Constraints_supporting_item,7,,2023-04-14 13:17:22
SOIP (Quarterly),Max WIP Inventory - Expression Constraints Adjust max,8,,2023-04-14 13:17:22
SOIP (Quarterly),Sorts Matrix - To All - Exclude,9,,2023-04-14 13:17:22
SOIP (Quarterly),Sorts Matrix - From All - Exclude,10,,2023-04-14 13:17:22
SOIP (Quarterly),Sorts Matrix - Include Preferred Assignment,11,,2023-04-14 13:17:22
SOIP (Quarterly),Monthly Adj - Add Storage at MFG,12,,2023-04-14 13:17:22
SOIP (Quarterly),Multi Source - Customers - (2) Include MS Options,13,,2023-04-14 13:17:22
SOIP (Quarterly),Multi Source - Distributors - (2) Include MS Options,14,,2023-04-14 13:17:22
SOIP (Quarterly),Monthly Repair Variance - 010 - Production,15,,2023-04-14 13:17:22
SOIP (Quarterly),Annual Repair Variance - 010 - Production - Next 06,16,,2023-04-14 13:17:22
SOIP (Quarterly),Annual Repair Variance - 020 - Expression - Next 06,17,,2023-04-14 13:17:22
SOIP (Quarterly),Annual Repair Variance - 020 - Expression - Next 06_supporting_item,18,,2023-04-14 13:17:22
SOIP (Quarterly),Annual Repair Variance - 020 - Expression - Min,19,,2023-04-14 13:17:22
SOIP (Quarterly),Annual Repair Variance - 020 - Expression - Max,20,,2023-04-14 13:17:22
SOIP (AOP 2023) (Dedicated Overrides MultiSourcing),Set Depot Capacity,0,,2023-04-14 13:17:22
SOIP (AOP 2023) (Dedicated Overrides MultiSourcing),Set Repair Capacity,1,,2023-04-14 13:17:22
SOIP (AOP 2023) (Dedicated Overrides MultiSourcing),No Inventory At Renter Distributor Sorts,2,,2023-04-14 13:17:22
SOIP (AOP 2023) (Dedicated Overrides MultiSourcing),Min Repair As Day Mins By Month,3,,2023-04-14 13:17:22
SOIP (AOP 2023) (Dedicated Overrides MultiSourcing),Max WIP Inventory - Inventory Constraints,4,,2023-04-14 13:17:22
SOIP (AOP 2023) (Dedicated Overrides MultiSourcing),Max WIP Inventory - Expression Constraints,5,,2023-04-14 13:17:22
SOIP (AOP 2023) (Dedicated Overrides MultiSourcing),Max WIP Inventory - Expression Constraints_supporting_item,6,,2023-04-14 13:17:22
SOIP (AOP 2023) (Dedicated Overrides MultiSourcing),Max WIP Inventory - Expression Constraints Adjust max,7,,2023-04-14 13:17:22
SOIP (AOP 2023) (Dedicated Overrides MultiSourcing),Sorts Matrix - To All - Exclude,8,,2023-04-14 13:17:22
SOIP (AOP 2023) (Dedicated Overrides MultiSourcing),Sorts Matrix - From All - Exclude,9,,2023-04-14 13:17:22
SOIP (AOP 2023) (Dedicated Overrides MultiSourcing),Sorts Matrix - Include Preferred Assignment,10,,2023-04-14 13:17:22
SOIP (AOP 2023) (Dedicated Overrides MultiSourcing),Multi Source - Customers - (2) Include MS Options,11,,2023-04-14 13:17:22
SOIP (AOP 2023) (Dedicated Overrides MultiSourcing),Multi Source - Distributors - (2) Include MS Options,12,,2023-04-14 13:17:22
SOIP (AOP 2023) (Dedicated Overrides MultiSourcing),Monthly Adj - Add Storage at MFG,13,,2023-04-14 13:17:22
SOIP (AOP 2023) (Dedicated Overrides MultiSourcing),Monthly Repair Variance - 010 - Production,14,,2023-04-14 13:17:22
SOIP (AOP 2023) (Dedicated Overrides MultiSourcing),Annual Repair Variance - 020 - Expression - Next 12,15,,2023-04-14 13:17:22
SOIP (AOP 2023) (Dedicated Overrides MultiSourcing),Annual Repair Variance - 020 - Expression - Next 12_supporting_item,16,,2023-04-14 13:17:22
SOIP (AOP 2023) (Dedicated Overrides MultiSourcing),Adjust Mexico MFG - Period 07,17,,2023-04-14 13:17:22
SOIP (AOP 2023) (Dedicated Overrides MultiSourcing),Adjust Mexico MFG - Period 09,18,,2023-04-14 13:17:22
SOIP (AOP 2023) (Dedicated Overrides MultiSourcing),Adjust Mexico MFG - Period 11,19,,2023-04-14 13:17:22
SOIP (AOP 2023) (Dedicated Overrides MultiSourcing),FQ Anderson Operational Sourcing,20,,2023-04-14 13:17:22
SOIP (AOP 2023) (Dedicated Overrides MultiSourcing),Dallas Option For MFG Renters,21,,2023-04-14 13:17:22
SOIP (AOP 2023) (Dedicated Overrides MultiSourcing),Exclude Base - Issues,22,,2023-04-14 13:17:22
SOIP (AOP 2023) (Dedicated Overrides MultiSourcing),Exclude Base - Returns,23,,2023-04-14 13:17:22
SOIP (AOP 2023) (Dedicated Overrides MultiSourcing),Exclude Base - MFG,24,,2023-04-14 13:17:22
SOIP (AOP 2023) (Dedicated Overrides MultiSourcing),Exclude Base - Min Repairs,25,,2023-04-14 13:17:22
SOIP (AOP 2023) (Dedicated Overrides MultiSourcing),AOP 2023 - Issues,26,,2023-04-14 13:17:22
SOIP (AOP 2023) (Dedicated Overrides MultiSourcing),AOP 2023 - Returns,27,,2023-04-14 13:17:22
SOIP (AOP 2023) (Dedicated Overrides MultiSourcing),AOP 2023 - MFG,28,,2023-04-14 13:17:22
SOIP (AOP 2023) (Dedicated Overrides MultiSourcing),AOP 2023 - Min Repairs,29,,2023-04-14 13:17:22
SOIP (AOP 2023) (Dedicated Overrides MultiSourcing),AOP 2023 - MFG Annual Cap,30,,2023-04-14 13:17:22
SOIP (AOP 2023) (Dedicated Overrides MultiSourcing),AOP 2023 - Increase MFG in Period 04 To offset Inv and Returns,31,,2023-04-14 13:17:22
SOIP_Optimize (Quarterly),Set Depot Capacity,0,,2023-04-14 13:17:22
SOIP_Optimize (Quarterly),Set Repair Capacity,1,,2023-04-14 13:17:22
SOIP_Optimize (Quarterly),No Inventory At Renter Distributor Sorts,2,,2023-04-14 13:17:22
SOIP_Optimize (Quarterly),Max WIP Inventory - Inventory Constraints,3,,2023-04-14 13:17:22
SOIP_Optimize (Quarterly),Max WIP Inventory - Expression Constraints,4,,2023-04-14 13:17:22
SOIP_Optimize (Quarterly),Max WIP Inventory - Expression Constraints_supporting_item,5,,2023-04-14 13:17:22
SOIP_Optimize (Quarterly),Max WIP Inventory - Expression Constraints Adjust max,6,,2023-04-14 13:17:22
SOIP_Optimize (Quarterly),Monthly Adj - Add Storage at MFG,7,,2023-04-14 13:17:22
SOIP_Optimize (Quarterly),Issues - Optimization,8,,2023-04-14 13:17:22
SOIP_Optimize (Quarterly),Returns - Optimization,9,,2023-04-14 13:17:22
SOIP_Optimize (Quarterly),Storage - No Issues,10,,2023-04-14 13:17:22
SOIP_Optimize (Quarterly),Storage - No Returns,11,,2023-04-14 13:17:22
SOIP_Optimize (Quarterly),No Returns to Manufacturing,12,,2023-04-14 13:17:22
SOIP_Optimize (Quarterly),Puerto Rico Returns - Keep to SOIP,13,,2023-04-14 13:17:22
SOIP_Optimize (Quarterly),Multi Source - Customers - (1) Exclude Lanes,14,,2023-04-14 13:17:22
SOIP_Optimize (Quarterly),Multi Source - Customers - (2) Include MS Options,15,,2023-04-14 13:17:22
SOIP_Optimize (Quarterly),Multi Source - Customers - (3) Keep SS Constraint,16,,2023-04-14 13:17:22
SOIP_Optimize (Quarterly),Multi Source - Distributors - (1) Exclude Lanes,17,,2023-04-14 13:17:22
SOIP_Optimize (Quarterly),Multi Source - Distributors - (2) Include MS Options,18,,2023-04-14 13:17:22
SOIP_Optimize (Quarterly),Multi Source - Distributors - (3) Keep SS Constraint,19,,2023-04-14 13:17:22
SOIP_Optimize (Quarterly),Block_X_Country_USA_Returns,20,,2023-04-14 13:17:22
SOIP_Optimize (Quarterly),Block_X_CountryMoves_CAN_Issues,21,,2023-04-14 13:17:22
SOIP_Optimize (Quarterly),Block_X_Country_Moves_USA_Issues,22,,2023-04-14 13:17:22
SOIP_Optimize (Quarterly),Block_X_Country_CAN_Returns,23,,2023-04-14 13:17:22
SOIP_Optimize (Quarterly),SOIP Run - Include Plan Issues,24,,2023-04-14 13:17:22
SOIP_Optimize (Quarterly),SOIP Run - Include Plan Returns,25,,2023-04-14 13:17:22
SOIP_Optimize (Quarterly),Monthly Repair Variance - 010 - Production,26,,2023-04-14 13:17:22
SOIP_Optimize (Quarterly),Annual Repair Variance - 020 - Expression - Next 12,27,,2023-04-14 13:17:22
SOIP_Optimize (Quarterly),Annual Repair Variance - 020 - Expression - Next 12_supporting_item,28,,2023-04-14 13:17:22
SOIP_Optimize (Quarterly),Adjusted Returns - New Damage Rate - Exclude Base,29,,2023-04-14 13:17:22
SOIP_Optimize (Quarterly),Adjusted Returns - New Damage Rate - New Profile,30,,2023-04-14 13:17:22
SOIP_Optimize (Quarterly),Minimum Repairs per month - Adjusted,31,,2023-04-14 13:17:22
SOIP (6 Month),Set Depot Capacity,0,,2023-04-14 13:17:22
SOIP (6 Month),Set Repair Capacity,1,,2023-04-14 13:17:22
SOIP (6 Month),No Inventory At Renter Distributor Sorts,2,,2023-04-14 13:17:22
SOIP (6 Month),Min Repair As Day Mins By Month,3,,2023-04-14 13:17:22
SOIP (6 Month),Max WIP Inventory - Inventory Constraints,4,,2023-04-14 13:17:22
SOIP (6 Month),Max WIP Inventory - Expression Constraints,5,,2023-04-14 13:17:22
SOIP (6 Month),Max WIP Inventory - Expression Constraints_supporting_item,6,,2023-04-14 13:17:22
SOIP (6 Month),Max WIP Inventory - Expression Constraints Adjust max,7,,2023-04-14 13:17:22
SOIP (6 Month),Sorts Matrix - To All - Exclude,8,,2023-04-14 13:17:22
SOIP (6 Month),Sorts Matrix - From All - Exclude,9,,2023-04-14 13:17:22
SOIP (6 Month),Sorts Matrix - Include Preferred Assignment,10,,2023-04-14 13:17:22
SOIP (6 Month),Monthly Adj - Add Storage at MFG,11,,2023-04-14 13:17:22
SOIP (6 Month),Multi Source - Customers - (2) Include MS Options,12,,2023-04-14 13:17:22
SOIP (6 Month),Multi Source - Distributors - (2) Include MS Options,13,,2023-04-14 13:17:22
SOIP (6 Month),Monthly Repair Variance - 010 - Production,14,,2023-04-14 13:17:22
SOIP (6 Month),Annual Repair Variance - 020 - Expression - Next 12,15,,2023-04-14 13:17:22
SOIP (6 Month),Annual Repair Variance - 020 - Expression - Next 12_supporting_item,16,,2023-04-14 13:17:22
SOIP (12 Month) (Dedicated Overrides MultiSourcing),Set Depot Capacity,0,,2023-04-14 13:17:22
SOIP (12 Month) (Dedicated Overrides MultiSourcing),Set Repair Capacity,1,,2023-04-14 13:17:22
SOIP (12 Month) (Dedicated Overrides MultiSourcing),No Inventory At Renter Distributor Sorts,2,,2023-04-14 13:17:22
SOIP (12 Month) (Dedicated Overrides MultiSourcing),Min Repair As Day Mins By Month,3,,2023-04-14 13:17:22
SOIP (12 Month) (Dedicated Overrides MultiSourcing),Max WIP Inventory - Inventory Constraints,4,,2023-04-14 13:17:22
SOIP (12 Month) (Dedicated Overrides MultiSourcing),Max WIP Inventory - Expression Constraints,5,,2023-04-14 13:17:22
SOIP (12 Month) (Dedicated Overrides MultiSourcing),Max WIP Inventory - Expression Constraints_supporting_item,6,,2023-04-14 13:17:22
SOIP (12 Month) (Dedicated Overrides MultiSourcing),Max WIP Inventory - Expression Constraints Adjust max,7,,2023-04-14 13:17:22
SOIP (12 Month) (Dedicated Overrides MultiSourcing),Sorts Matrix - To All - Exclude,8,,2023-04-14 13:17:22
SOIP (12 Month) (Dedicated Overrides MultiSourcing),Sorts Matrix - From All - Exclude,9,,2023-04-14 13:17:22
SOIP (12 Month) (Dedicated Overrides MultiSourcing),Sorts Matrix - Include Preferred Assignment,10,,2023-04-14 13:17:22
SOIP (12 Month) (Dedicated Overrides MultiSourcing),Multi Source - Customers - (2) Include MS Options,11,,2023-04-14 13:17:22
SOIP (12 Month) (Dedicated Overrides MultiSourcing),Multi Source - Distributors - (2) Include MS Options,12,,2023-04-14 13:17:22
SOIP (12 Month) (Dedicated Overrides MultiSourcing),Monthly Adj - Add Storage at MFG,13,,2023-04-14 13:17:22
SOIP (12 Month) (Dedicated Overrides MultiSourcing),Monthly Repair Variance - 010 - Production,14,,2023-04-14 13:17:22
SOIP (12 Month) (Dedicated Overrides MultiSourcing),Annual Repair Variance - 020 - Expression - Next 12,15,,2023-04-14 13:17:22
SOIP (12 Month) (Dedicated Overrides MultiSourcing),Annual Repair Variance - 020 - Expression - Next 12_supporting_item,16,,2023-04-14 13:17:22
SOIP (12 Month) (Dedicated Overrides MultiSourcing),Adjust Mexico MFG - Period 07,17,,2023-04-14 13:17:22
SOIP (12 Month) (Dedicated Overrides MultiSourcing),Adjust Mexico MFG - Period 09,18,,2023-04-14 13:17:22
SOIP (12 Month) (Dedicated Overrides MultiSourcing),Adjust Mexico MFG - Period 11,19,,2023-04-14 13:17:22
SOIP (12 Month) (Dedicated Overrides MultiSourcing),FQ Anderson Operational Sourcing,20,,2023-04-14 13:17:22
SOIP (12 Month) (Dedicated Overrides MultiSourcing),Dallas Option For MFG Renters,21,,2023-04-14 13:17:22
SOIP Optimize (12 Month) (Offset Low Inventory),Set Depot Capacity,0,,2023-04-14 13:17:22
SOIP Optimize (12 Month) (Offset Low Inventory),Set Repair Capacity,1,,2023-04-14 13:17:22
SOIP Optimize (12 Month) (Offset Low Inventory),No Inventory At Renter Distributor Sorts,2,,2023-04-14 13:17:22
SOIP Optimize (12 Month) (Offset Low Inventory),Min Repair As Day Mins By Month,3,,2023-04-14 13:17:22
SOIP Optimize (12 Month) (Offset Low Inventory),Max WIP Inventory - Inventory Constraints,4,,2023-04-14 13:17:22
SOIP Optimize (12 Month) (Offset Low Inventory),Max WIP Inventory - Expression Constraints,5,,2023-04-14 13:17:22
SOIP Optimize (12 Month) (Offset Low Inventory),Max WIP Inventory - Expression Constraints_supporting_item,6,,2023-04-14 13:17:22
SOIP Optimize (12 Month) (Offset Low Inventory),Max WIP Inventory - Expression Constraints Adjust max,7,,2023-04-14 13:17:22
SOIP Optimize (12 Month) (Offset Low Inventory),Monthly Adj - Add Storage at MFG,8,,2023-04-14 13:17:22
SOIP Optimize (12 Month) (Offset Low Inventory),Issues - Optimization,9,,2023-04-14 13:17:22
SOIP Optimize (12 Month) (Offset Low Inventory),Returns - Optimization,10,,2023-04-14 13:17:22
SOIP Optimize (12 Month) (Offset Low Inventory),Storage - No Issues,11,,2023-04-14 13:17:22
SOIP Optimize (12 Month) (Offset Low Inventory),Storage - No Returns,12,,2023-04-14 13:17:22
SOIP Optimize (12 Month) (Offset Low Inventory),No Returns to Manufacturing,13,,2023-04-14 13:17:22
SOIP Optimize (12 Month) (Offset Low Inventory),Puerto Rico Returns - Keep to SOIP,14,,2023-04-14 13:17:22
SOIP Optimize (12 Month) (Offset Low Inventory),Multi Source - Customers - (1) Exclude Lanes,15,,2023-04-14 13:17:22
SOIP Optimize (12 Month) (Offset Low Inventory),Multi Source - Customers - (2) Include MS Options,16,,2023-04-14 13:17:22
SOIP Optimize (12 Month) (Offset Low Inventory),Multi Source - Customers - (3) Keep SS Constraint,17,,2023-04-14 13:17:22
SOIP Optimize (12 Month) (Offset Low Inventory),Multi Source - Distributors - (1) Exclude Lanes,18,,2023-04-14 13:17:22
SOIP Optimize (12 Month) (Offset Low Inventory),Multi Source - Distributors - (2) Include MS Options,19,,2023-04-14 13:17:22
SOIP Optimize (12 Month) (Offset Low Inventory),Multi Source - Distributors - (3) Keep SS Constraint,20,,2023-04-14 13:17:22
SOIP Optimize (12 Month) (Offset Low Inventory),Block_X_Country_USA_Returns,21,,2023-04-14 13:17:22
SOIP Optimize (12 Month) (Offset Low Inventory),Block_X_CountryMoves_CAN_Issues,22,,2023-04-14 13:17:22
SOIP Optimize (12 Month) (Offset Low Inventory),Block_X_Country_Moves_USA_Issues,23,,2023-04-14 13:17:22
SOIP Optimize (12 Month) (Offset Low Inventory),Block_X_Country_CAN_Returns,24,,2023-04-14 13:17:22
SOIP Optimize (12 Month) (Offset Low Inventory),SOIP Run - Include Plan Issues,25,,2023-04-14 13:17:22
SOIP Optimize (12 Month) (Offset Low Inventory),SOIP Run - Include Plan Returns,26,,2023-04-14 13:17:22
SOIP Optimize (12 Month) (Offset Low Inventory),Monthly Repair Variance - 010 - Production,27,,2023-04-14 13:17:22
SOIP Optimize (12 Month) (Offset Low Inventory),Annual Repair Variance - 020 - Expression - Next 12,28,,2023-04-14 13:17:22
SOIP Optimize (12 Month) (Offset Low Inventory),Annual Repair Variance - 020 - Expression - Next 12_supporting_item,29,,2023-04-14 13:17:22
SOIP Optimize (12 Month) (Offset Low Inventory),Offset Low Inventory,30,,2023-04-14 13:17:22
SOIP Optimize (12 Month) (Less Account),Set Depot Capacity,0,,2023-04-14 13:17:22
SOIP Optimize (12 Month) (Less Account),Set Repair Capacity,1,,2023-04-14 13:17:22
SOIP Optimize (12 Month) (Less Account),No Inventory At Renter Distributor Sorts,2,,2023-04-14 13:17:22
SOIP Optimize (12 Month) (Less Account),Max WIP Inventory - Inventory Constraints,3,,2023-04-14 13:17:22
SOIP Optimize (12 Month) (Less Account),Max WIP Inventory - Expression Constraints,4,,2023-04-14 13:17:22
SOIP Optimize (12 Month) (Less Account),Max WIP Inventory - Expression Constraints_supporting_item,5,,2023-04-14 13:17:22
SOIP Optimize (12 Month) (Less Account),Max WIP Inventory - Expression Constraints Adjust max,6,,2023-04-14 13:17:22
SOIP Optimize (12 Month) (Less Account),Monthly Adj - Add Storage at MFG,7,,2023-04-14 13:17:22
SOIP Optimize (12 Month) (Less Account),Issues - Optimization,8,,2023-04-14 13:17:22
SOIP Optimize (12 Month) (Less Account),Returns - Optimization,9,,2023-04-14 13:17:22
SOIP Optimize (12 Month) (Less Account),Storage - No Issues,10,,2023-04-14 13:17:22
SOIP Optimize (12 Month) (Less Account),Storage - No Returns,11,,2023-04-14 13:17:22
SOIP Optimize (12 Month) (Less Account),No Returns to Manufacturing,12,,2023-04-14 13:17:22
SOIP Optimize (12 Month) (Less Account),Puerto Rico Returns - Keep to SOIP,13,,2023-04-14 13:17:22
SOIP Optimize (12 Month) (Less Account),Multi Source - Customers - (1) Exclude Lanes,14,,2023-04-14 13:17:22
SOIP Optimize (12 Month) (Less Account),Multi Source - Customers - (2) Include MS Options,15,,2023-04-14 13:17:22
SOIP Optimize (12 Month) (Less Account),Multi Source - Customers - (3) Keep SS Constraint,16,,2023-04-14 13:17:22
SOIP Optimize (12 Month) (Less Account),Multi Source - Distributors - (1) Exclude Lanes,17,,2023-04-14 13:17:22
SOIP Optimize (12 Month) (Less Account),Multi Source - Distributors - (2) Include MS Options,18,,2023-04-14 13:17:22
SOIP Optimize (12 Month) (Less Account),Multi Source - Distributors - (3) Keep SS Constraint,19,,2023-04-14 13:17:22
SOIP Optimize (12 Month) (Less Account),Block_X_Country_USA_Returns,20,,2023-04-14 13:17:22
SOIP Optimize (12 Month) (Less Account),Block_X_CountryMoves_CAN_Issues,21,,2023-04-14 13:17:22
SOIP Optimize (12 Month) (Less Account),Block_X_Country_Moves_USA_Issues,22,,2023-04-14 13:17:22
SOIP Optimize (12 Month) (Less Account),Block_X_Country_CAN_Returns,23,,2023-04-14 13:17:22
SOIP Optimize (12 Month) (Less Account),SOIP Run - Include Plan Issues,24,,2023-04-14 13:17:22
SOIP Optimize (12 Month) (Less Account),SOIP Run - Include Plan Returns,25,,2023-04-14 13:17:22
SOIP Optimize (12 Month) (Less Account),Monthly Repair Variance - 010 - Production,26,,2023-04-14 13:17:22
SOIP Optimize (12 Month) (Less Account),Annual Repair Variance - 020 - Expression - Next 12,27,,2023-04-14 13:17:22
SOIP Optimize (12 Month) (Less Account),Annual Repair Variance - 020 - Expression - Next 12_supporting_item,28,,2023-04-14 13:17:22
SOIP Optimize (12 Month) (Less Account),Remove Refresco - Less Customer,29,,2023-04-14 13:17:22
SOIP Optimize (12 Month) (Less Account),Remove Refresco - Exclude Demand,30,,2023-04-14 13:17:22
SOIP Optimize (12 Month) (Less Account),Remove Refresco - Exclude SOIP Returns,31,,2023-04-14 13:17:22
SOIP Optimized ? Less 81384,Dallas Option For MFG Renters,31,,2023-04-14 13:17:22
SOIP (AOP 2023 MFG V2) (Dedicated Overrides MultiSourcing),Set Repair Capacity,1,,2023-04-14 13:17:22
SOIP (AOP 2023 MFG V2) (Dedicated Overrides MultiSourcing),No Inventory At Renter Distributor Sorts,2,,2023-04-14 13:17:22
SOIP (AOP 2023 MFG V2) (Dedicated Overrides MultiSourcing),Min Repair As Day Mins By Month,3,,2023-04-14 13:17:22
SOIP (AOP 2023 MFG V2) (Dedicated Overrides MultiSourcing),Max WIP Inventory - Inventory Constraints,4,,2023-04-14 13:17:22
SOIP (AOP 2023 MFG V2) (Dedicated Overrides MultiSourcing),Max WIP Inventory - Expression Constraints,5,,2023-04-14 13:17:22
SOIP (AOP 2023 MFG V2) (Dedicated Overrides MultiSourcing),Max WIP Inventory - Expression Constraints_supporting_item,6,,2023-04-14 13:17:22
SOIP (AOP 2023 MFG V2) (Dedicated Overrides MultiSourcing),Max WIP Inventory - Expression Constraints Adjust max,7,,2023-04-14 13:17:22
SOIP (AOP 2023 MFG V2) (Dedicated Overrides MultiSourcing),Sorts Matrix - To All - Exclude,8,,2023-04-14 13:17:22
SOIP (AOP 2023 MFG V2) (Dedicated Overrides MultiSourcing),Sorts Matrix - From All - Exclude,9,,2023-04-14 13:17:22
SOIP (AOP 2023 MFG V2) (Dedicated Overrides MultiSourcing),Sorts Matrix - Include Preferred Assignment,10,,2023-04-14 13:17:22
SOIP Optimize (12 Month) (Less Account),Remove Refresco - Returns Less Refresco,32,,2023-04-14 13:17:22
SOIP Optimize (12 Month) (Less Account),Remove Refresco - Less WIP in Repairs,33,,2023-04-14 13:17:22
SOIP (12 Month),Set Depot Capacity,0,,2023-04-14 13:17:22
SOIP (12 Month),No Inventory At Renter Distributor Sorts,2,,2023-04-14 13:17:22
SOIP (12 Month),Min Repair As Day Mins By Month,3,,2023-04-14 13:17:22
SOIP (12 Month),Max WIP Inventory - Inventory Constraints,4,,2023-04-14 13:17:22
SOIP (12 Month),Max WIP Inventory - Expression Constraints,5,,2023-04-14 13:17:22
SOIP (12 Month),Max WIP Inventory - Expression Constraints_supporting_item,6,,2023-04-14 13:17:22
SOIP (12 Month),Max WIP Inventory - Expression Constraints Adjust max,7,,2023-04-14 13:17:22
SOIP (12 Month),Sorts Matrix - To All - Exclude,8,,2023-04-14 13:17:22
SOIP (12 Month),Sorts Matrix - From All - Exclude,9,,2023-04-14 13:17:22
SOIP (12 Month),Sorts Matrix - Include Preferred Assignment,10,,2023-04-14 13:17:22
SOIP (12 Month),Monthly Adj - Add Storage at MFG,11,,2023-04-14 13:17:22
SOIP (12 Month),Multi Source - Customers - (2) Include MS Options,12,,2023-04-14 13:17:22
SOIP (12 Month),Multi Source - Distributors - (2) Include MS Options,13,,2023-04-14 13:17:22
SOIP (12 Month),Monthly Repair Variance - 010 - Production,14,,2023-04-14 13:17:22
SOIP (12 Month),Annual Repair Variance - 020 - Expression - Next 12,15,,2023-04-14 13:17:22
SOIP (12 Month),Annual Repair Variance - 020 - Expression - Next 12_supporting_item,16,,2023-04-14 13:17:22
SOIP (12 Month),Adjust Mexico MFG - Period 07,17,,2023-04-14 13:17:22
SOIP (12 Month),Adjust Mexico MFG - Period 09,18,,2023-04-14 13:17:22
SOIP (12 Month),Adjust Mexico MFG - Period 11,19,,2023-04-14 13:17:22
SOIP Optimize (12 Month),Set Depot Capacity,0,,2023-04-14 13:17:22
SOIP Optimize (12 Month),Set Repair Capacity,1,,2023-04-14 13:17:22
SOIP Optimize (12 Month),No Inventory At Renter Distributor Sorts,2,,2023-04-14 13:17:22
SOIP Optimize (12 Month),Min Repair As Day Mins By Month,3,,2023-04-14 13:17:22
SOIP Optimize (12 Month),Max WIP Inventory - Inventory Constraints,4,,2023-04-14 13:17:22
SOIP Optimize (12 Month),Max WIP Inventory - Expression Constraints,5,,2023-04-14 13:17:22
SOIP Optimize (12 Month),Max WIP Inventory - Expression Constraints_supporting_item,6,,2023-04-14 13:17:22
SOIP Optimize (12 Month),Max WIP Inventory - Expression Constraints Adjust max,7,,2023-04-14 13:17:22
SOIP Optimize (12 Month),Monthly Adj - Add Storage at MFG,8,,2023-04-14 13:17:22
SOIP Optimize (12 Month),Issues - Optimization,9,,2023-04-14 13:17:22
SOIP Optimize (12 Month),Returns - Optimization,10,,2023-04-14 13:17:22
SOIP Optimize (12 Month),Storage - No Issues,11,,2023-04-14 13:17:22
SOIP Optimize (12 Month),Storage - No Returns,12,,2023-04-14 13:17:22
SOIP Optimize (12 Month),No Returns to Manufacturing,13,,2023-04-14 13:17:22
SOIP Optimize (12 Month),Puerto Rico Returns - Keep to SOIP,14,,2023-04-14 13:17:22
SOIP Optimize (12 Month),Multi Source - Customers - (1) Exclude Lanes,15,,2023-04-14 13:17:22
SOIP Optimize (12 Month),Multi Source - Customers - (2) Include MS Options,16,,2023-04-14 13:17:22
SOIP Optimize (12 Month),Multi Source - Customers - (3) Keep SS Constraint,17,,2023-04-14 13:17:22
SOIP Optimize (12 Month),Multi Source - Distributors - (1) Exclude Lanes,18,,2023-04-14 13:17:22
SOIP Optimize (12 Month),Multi Source - Distributors - (2) Include MS Options,19,,2023-04-14 13:17:22
SOIP Optimize (12 Month),Multi Source - Distributors - (3) Keep SS Constraint,20,,2023-04-14 13:17:22
SOIP Optimize (12 Month),Block_X_Country_USA_Returns,21,,2023-04-14 13:17:22
SOIP Optimize (12 Month),Block_X_CountryMoves_CAN_Issues,22,,2023-04-14 13:17:22
SOIP Optimize (12 Month),Block_X_Country_Moves_USA_Issues,23,,2023-04-14 13:17:22
SOIP Optimize (12 Month),Block_X_Country_CAN_Returns,24,,2023-04-14 13:17:22
SOIP Optimize (12 Month),SOIP Run - Include Plan Issues,25,,2023-04-14 13:17:22
SOIP Optimize (12 Month),SOIP Run - Include Plan Returns,26,,2023-04-14 13:17:22
SOIP Optimize (12 Month),Monthly Repair Variance - 010 - Production,27,,2023-04-14 13:17:22
SOIP Optimize (12 Month),Annual Repair Variance - 020 - Expression - Next 12,28,,2023-04-14 13:17:22
SOIP Optimize (12 Month),Annual Repair Variance - 020 - Expression - Next 12_supporting_item,29,,2023-04-14 13:17:22
SOIP Optimize (12 Month),FQ Anderson Operational Sourcing,30,,2023-04-14 13:17:22
SOIP Optimize (12 Month),Dallas Option For MFG Renters,31,,2023-04-14 13:17:22
SOIP Optimize (12 Month),Dedicated and CPU Lanes - Issues,32,,2023-04-14 13:17:22
SOIP (12 Month),Set Repair Capacity,1,,2023-04-14 13:17:22
SOIP Optimize (12 Month),Dedicated and CPU Lanes - Returns,33,,2023-04-14 13:17:22
SOIP Optimized ? Less 81399,Set Depot Capacity,0,,2023-04-14 13:17:22
SOIP Optimized ? Less 81399,Set Repair Capacity,1,,2023-04-14 13:17:22
SOIP Optimized ? Less 81399,No Inventory At Renter Distributor Sorts,2,,2023-04-14 13:17:22
SOIP Optimized ? Less 81399,Min Repair As Day Mins By Month,3,,2023-04-14 13:17:22
SOIP Optimized ? Less 81399,Max WIP Inventory - Inventory Constraints,4,,2023-04-14 13:17:22
SOIP Optimized ? Less 81399,Max WIP Inventory - Expression Constraints,5,,2023-04-14 13:17:22
SOIP Optimized ? Less 81399,Max WIP Inventory - Expression Constraints_supporting_item,6,,2023-04-14 13:17:22
SOIP Optimized ? Less 81399,Max WIP Inventory - Expression Constraints Adjust max,7,,2023-04-14 13:17:22
SOIP Optimized ? Less 81399,Monthly Adj - Add Storage at MFG,8,,2023-04-14 13:17:22
SOIP Optimized ? Less 81399,Issues - Optimization,9,,2023-04-14 13:17:22
SOIP Optimized ? Less 81399,Returns - Optimization,10,,2023-04-14 13:17:22
SOIP Optimized ? Less 81399,Storage - No Issues,11,,2023-04-14 13:17:22
SOIP Optimized ? Less 81399,Storage - No Returns,12,,2023-04-14 13:17:22
SOIP Optimized ? Less 81399,No Returns to Manufacturing,13,,2023-04-14 13:17:22
SOIP Optimized ? Less 81399,Puerto Rico Returns - Keep to SOIP,14,,2023-04-14 13:17:22
SOIP Optimized ? Less 81399,Multi Source - Customers - (1) Exclude Lanes,15,,2023-04-14 13:17:22
SOIP Optimized ? Less 81399,Multi Source - Customers - (2) Include MS Options,16,,2023-04-14 13:17:22
SOIP Optimized ? Less 81399,Multi Source - Customers - (3) Keep SS Constraint,17,,2023-04-14 13:17:22
SOIP Optimized ? Less 81399,Multi Source - Distributors - (1) Exclude Lanes,18,,2023-04-14 13:17:22
SOIP Optimized ? Less 81399,Multi Source - Distributors - (2) Include MS Options,19,,2023-04-14 13:17:22
SOIP Optimized ? Less 81399,Multi Source - Distributors - (3) Keep SS Constraint,20,,2023-04-14 13:17:22
SOIP Optimized ? Less 81399,Block_X_Country_USA_Returns,21,,2023-04-14 13:17:22
SOIP Optimized ? Less 81399,Block_X_CountryMoves_CAN_Issues,22,,2023-04-14 13:17:22
SOIP Optimized ? Less 81399,Block_X_Country_Moves_USA_Issues,23,,2023-04-14 13:17:22
SOIP Optimized ? Less 81399,Block_X_Country_CAN_Returns,24,,2023-04-14 13:17:22
SOIP Optimized ? Less 81399,SOIP Run - Include Plan Issues,25,,2023-04-14 13:17:22
SOIP Optimized ? Less 81399,SOIP Run - Include Plan Returns,26,,2023-04-14 13:17:22
SOIP Optimized ? Less 81399,Monthly Repair Variance - 010 - Production,27,,2023-04-14 13:17:22
SOIP Optimized ? Less 81399,Annual Repair Variance - 020 - Expression - Next 12,28,,2023-04-14 13:17:22
SOIP Optimized ? Less 81399,Annual Repair Variance - 020 - Expression - Next 12_supporting_item,29,,2023-04-14 13:17:22
SOIP Optimized ? Less 81399,FQ Anderson Operational Sourcing,30,,2023-04-14 13:17:22
SOIP Optimized ? Less 81399,Dallas Option For MFG Renters,31,,2023-04-14 13:17:22
SOIP Optimized ? Less 81399,Dedicated and CPU Lanes - Issues,32,,2023-04-14 13:17:22
SOIP Optimized ? Less 81399,Dedicated and CPU Lanes - Returns,33,,2023-04-14 13:17:22
SOIP Optimized ? Less 81399,Exclude_Customer_81399,34,,2023-04-14 13:17:22
SOIP Optimized ? Less 81399,Update_production_constraints_81399,35,,2023-04-14 13:17:22
SOIP Optimized ? Less 81384,Set Depot Capacity,0,,2023-04-14 13:17:22
SOIP Optimized ? Less 81384,Set Repair Capacity,1,,2023-04-14 13:17:22
SOIP Optimized ? Less 81384,No Inventory At Renter Distributor Sorts,2,,2023-04-14 13:17:22
SOIP Optimized ? Less 81384,Min Repair As Day Mins By Month,3,,2023-04-14 13:17:22
SOIP Optimized ? Less 81384,Max WIP Inventory - Inventory Constraints,4,,2023-04-14 13:17:22
SOIP Optimized ? Less 81384,Max WIP Inventory - Expression Constraints,5,,2023-04-14 13:17:22
SOIP Optimized ? Less 81384,Max WIP Inventory - Expression Constraints_supporting_item,6,,2023-04-14 13:17:22
SOIP Optimized ? Less 81384,Max WIP Inventory - Expression Constraints Adjust max,7,,2023-04-14 13:17:22
SOIP Optimized ? Less 81384,Monthly Adj - Add Storage at MFG,8,,2023-04-14 13:17:22
SOIP Optimized ? Less 81384,Issues - Optimization,9,,2023-04-14 13:17:22
SOIP Optimized ? Less 81384,Returns - Optimization,10,,2023-04-14 13:17:22
SOIP Optimized ? Less 81384,Storage - No Issues,11,,2023-04-14 13:17:22
SOIP Optimized ? Less 81384,Storage - No Returns,12,,2023-04-14 13:17:22
SOIP Optimized ? Less 81384,No Returns to Manufacturing,13,,2023-04-14 13:17:22
SOIP Optimized ? Less 81384,Puerto Rico Returns - Keep to SOIP,14,,2023-04-14 13:17:22
SOIP Optimized ? Less 81384,Multi Source - Customers - (1) Exclude Lanes,15,,2023-04-14 13:17:22
SOIP Optimized ? Less 81384,Multi Source - Customers - (2) Include MS Options,16,,2023-04-14 13:17:22
SOIP Optimized ? Less 81384,Multi Source - Customers - (3) Keep SS Constraint,17,,2023-04-14 13:17:22
SOIP Optimized ? Less 81384,Multi Source - Distributors - (1) Exclude Lanes,18,,2023-04-14 13:17:22
SOIP Optimized ? Less 81384,Multi Source - Distributors - (2) Include MS Options,19,,2023-04-14 13:17:22
SOIP Optimized ? Less 81384,Multi Source - Distributors - (3) Keep SS Constraint,20,,2023-04-14 13:17:22
SOIP Optimized ? Less 81384,Block_X_Country_USA_Returns,21,,2023-04-14 13:17:22
SOIP Optimized ? Less 81384,Block_X_CountryMoves_CAN_Issues,22,,2023-04-14 13:17:22
SOIP Optimized ? Less 81384,Block_X_Country_Moves_USA_Issues,23,,2023-04-14 13:17:22
SOIP Optimized ? Less 81384,Block_X_Country_CAN_Returns,24,,2023-04-14 13:17:22
SOIP Optimized ? Less 81384,SOIP Run - Include Plan Issues,25,,2023-04-14 13:17:22
SOIP Optimized ? Less 81384,SOIP Run - Include Plan Returns,26,,2023-04-14 13:17:22
SOIP Optimized ? Less 81384,Monthly Repair Variance - 010 - Production,27,,2023-04-14 13:17:22
SOIP Optimized ? Less 81384,Annual Repair Variance - 020 - Expression - Next 12,28,,2023-04-14 13:17:22
SOIP Optimized ? Less 81384,Annual Repair Variance - 020 - Expression - Next 12_supporting_item,29,,2023-04-14 13:17:22
SOIP Optimized ? Less 81384,FQ Anderson Operational Sourcing,30,,2023-04-14 13:17:22
SOIP Optimized ? Less 81384,Dedicated and CPU Lanes - Issues,32,,2023-04-14 13:17:22
SOIP Optimized ? Less 81384,Dedicated and CPU Lanes - Returns,33,,2023-04-14 13:17:22
SOIP Optimized ? Less 81384,Exclude_Customer_81384,34,,2023-04-14 13:17:22
SOIP Optimized ? Less 81384,Update_production_constraints_81384,35,,2023-04-14 13:17:22
