itemname,tablename,action,condition,status,description,tags,notes,RunTime
Dallas - Repairs,ProductionConstraints,ConstraintValue=ConstraintValue*0.5,"(PeriodName LIKE 'Period 02*' OR PeriodName LIKE 'Period 03*') AND (FacilityName LIKE 'D_USA75212_67095*') AND (Notes = 'Repair_Capacity')",,,,,2023-04-14 13:17:22
Dallas - Storage - Monthly 50PCT,InventoryConstraints,"Status='Include'","Notes = 'Depot_Capacity_Dallas_Monthly'",,,,,2023-04-14 13:17:22
Dallas - Repairs - 100 PCT,ProductionConstraints,ConstraintValue=ConstraintValue*0,"(PeriodName LIKE 'Period 02*' OR PeriodName LIKE 'Period 03*') AND (FacilityName LIKE 'D_USA75212_67095*') AND (Notes = 'Repair_Capacity')",,,,,2023-04-14 13:17:22
Dallas - Storage - Monthly 100PCT,InventoryConstraints,ConstraintValue=0,"(PeriodName LIKE 'Period 02*' OR PeriodName LIKE 'Period 03*') AND (Notes = 'Depot_Capacity_Dallas_Monthly')",,,,,2023-04-14 13:17:22
Dallas - Throughput - Flow,FlowConstraints,"Status='Include'","(ExpressionName LIKE '*D_USA75212_67095*' OR ExpressionName LIKE '(ALL_Customers)_MaxOutbound_*' OR ExpressionName LIKE 'Depots_MaxOutbound_Period *')",,,,,2023-04-14 13:17:22
Dallas - Throughput - Expressioin,UserDefinedConstraints,"Status='Include'","ConstraintName LIKE '*D_USA75212_67095*'",,,,,2023-04-14 13:17:22
Monthly Adj_Add Storage at MFG (Newton Period 07),InventoryConstraints,"Status='Include'","(FacilityName LIKE 'D_USA35490_54027*') AND (Notes = 'Depot_Capacity_InfeasbilityFix')",,,,,2023-04-14 13:17:22
Infeasibility Fix - Newton Period 7 Inventory Capacity,InventoryConstraints,"Status='Include'","(FacilityName LIKE 'D_USA35490_54027*') AND (Notes = 'Depot_Capacity_InfeasbilityFix')",,,,,2023-04-14 13:17:22
Monthly Repair Variance - 010 - Production,ProductionConstraints,"Status='Include'","Notes = 'RepairsPerMonthVariance'",,,,,2023-04-14 13:17:22
Adjusted Manufacturing - Cottondale - Base,ProductionConstraints,"Status='Exclude'","(FacilityName LIKE 'D_USA35401_46146*') AND (Notes = 'SOIP_MFG')",,,,,2023-04-14 13:17:22
Adjusted Manufacturing - Cottondale - Revised,ProductionConstraints,"Status='Include'","(FacilityName LIKE 'D_USA35401_46146*') AND (Notes = 'SOIP_MFG_Adusted')",,,,,2023-04-14 13:17:22
Adjusted Manufacturing - Q4 - Base,ProductionConstraints,"Status='Exclude'","(PeriodName LIKE 'Period 01*' OR PeriodName LIKE 'Period 02*' OR PeriodName LIKE 'Period 03*' OR PeriodName LIKE 'Period 04*') AND (FacilityName LIKE 'D_MEX66052_75924*' OR FacilityName LIKE 'D_USA22546_46488*' OR FacilityName LIKE 'D_USA35490_54027*' OR FacilityName LIKE 'D_USA92509_75652*' OR FacilityName LIKE 'D_USA97133_42849*') AND (Notes = 'SOIP_MFG')",,,,,2023-04-14 13:17:22
Reduced_Rates_toFair,TransportationPolicies,FixedCost=FixedCost*0.74,"RateUsed LIKE 'MarketRate*'",,,,,2023-04-14 13:17:22
Returns_Open_LT_6000plt_perMonth,ReplenishmentPolicies,"Status='Include'","(SourceName LIKE 'R*') AND (GreenfieldCandidate LIKE 'Y*') AND (SOIPPlan LIKE 'n*') AND (CPUDEDICATED != 'C' AND CPUDEDICATED != 'D' AND CPUDEDICATED != 'ND' AND CPUDEDICATED != 'NC') AND (MONTHLY_AVG < 6000) AND (MileageBand LIKE 'LT1500*')",,,,,2023-04-14 13:17:22
Infeasibility Fix - Newton Period 7 Inventory Capacity - Exclude Base Constraint,InventoryConstraints,"Status='Exclude'","(FacilityName LIKE '*54027') AND (Notes = 'Depot_Capacity')",,,,,2023-04-14 13:17:22
Monthly Repair Variance - 020 - Expression,UserDefinedConstraints,"Status='Include'","ConstraintName LIKE 'RepairVariance*'",,,,,2023-04-14 13:17:22
Annual Repair Variance - 010 - Production - Next 06,ProductionConstraints,"Status='Include'","Notes = 'AnnualVariance_Next06'",,,,,2023-04-14 13:17:22
Adjusted Manufacturing - Q4 -Revised,ProductionConstraints,"Status='Include'","(PeriodName LIKE 'Period 01*' OR PeriodName LIKE 'Period 02*' OR PeriodName LIKE 'Period 03*' OR PeriodName LIKE 'Period 04*') AND (FacilityName LIKE 'D_MEX66052_75924*' OR FacilityName LIKE 'D_USA22546_46488*' OR FacilityName LIKE 'D_USA35490_54027*' OR FacilityName LIKE 'D_USA92509_75652*' OR FacilityName LIKE 'D_USA97133_42849*') AND (Notes = 'SOIP_MFG_Adjusted')",,,,,2023-04-14 13:17:22
Dallas - Throughput - Expressioin_supporting_item,UserDefinedVariables,"Status='Include'","VariableName LIKE '*D_USA75212_67095*'",,,,,2023-04-14 13:17:22
Monthly Repair Variance - 020 - Expression_supporting_item,UserDefinedVariables,"Status='Include'","VariableName LIKE 'RepairVariance*'",,,,,2023-04-14 13:17:22
Annual Repair Variance - 020 - Expression - Min,UserDefinedVariables,Coefficient=-16,"(VariableName LIKE 'AnnualVariance*') AND (ConstraintType = 'Min')",,,,,2023-04-14 13:17:22
Annual Repair Variance - 020 - Expression - Max,UserDefinedVariables,Coefficient=-18,"(VariableName LIKE 'AnnualVariance*') AND (ConstraintType = 'Max')",,,,,2023-04-14 13:17:22
2022 Budget Plan - 01 - Exclude Base Issues,CustomerDemand,"Status='Exclude'","Notes = 'Issues_OctSOIP'",,,,,2023-04-14 13:17:22
2022 Budget Plan - 10 - Exclude Base Returns,ProductionConstraints,"Status='Exclude'","Notes = 'Returns_OctSOIP'",,,,,2023-04-14 13:17:22
2022 Budget Plan - 11 - Include Budget Returns,ProductionConstraints,"Status='Include'","Notes = 'Returns_OctSOIP_2022BODPlan'",,,,,2023-04-14 13:17:22
2022 Budget Plan - 20 - Exclude Base MFG,ProductionConstraints,"Status='Exclude'","Notes = 'SOIP_MFG'",,,,,2023-04-14 13:17:22
2022 Budget Plan - 21 - Include Budget MFG,ProductionConstraints,"Status='Include'","Notes = 'SOIP_MFG_2022BODPlan'",,,,,2023-04-14 13:17:22
Infeasibility Correction - Increase Last 3 Months,InventoryConstraints,"Status='Include'","Notes = 'Depot_Capacity_2022BudgetAdjustment'",,,,,2023-04-14 13:17:22
Infeasibility Correction - Keep Base for First 15,InventoryConstraints,"PeriodName='Next15'","Notes = 'Depot_Capacity'",,,,,2023-04-14 13:17:22
2022 Budget Plan - 21 - Include Budget MFG (2.4M),ProductionConstraints,"Status='Include'","Notes = 'SOIP_MFG_2022BODPlan_V2'",,,,,2023-04-14 13:17:22
Set Repair Minimums,ProductionConstraints,"Status='Include'","Notes = 'Repair_Capacity_Minimums'",,,,,2023-04-14 13:17:22
Min Repair As Day Mins By Month V2,ProductionConstraints,"Status='Include'","Notes = 'MinRepairsPerDay_V2'",,,,,2023-04-14 13:17:22
Transfer Cube Adjustment,TransportationPolicies,AverageShipmentSize=535,"(OriginName LIKE 'D*') AND (DestinationName LIKE 'D*')",,,,,2023-04-14 13:17:22
Close Ranson,Facilities,"FacilityStatus='Exclude'","(FacilityName LIKE 'D_USA25438_75898*') AND (Region LIKE 'WV*')",,,,,2023-04-14 13:17:22
2022 Budget Plan - 12 - Include Budget Returns (v2),ProductionConstraints,"Status='Include'","Notes = 'Returns_OctSOIP_2022BODPlan_V2'",,,,,2023-04-14 13:17:22
Close Ranson - Open Up Locked Issues,CustomerFulfillmentPolicies,"Status='Include'","(CustomerName LIKE 'I_USA17038_69889*' OR CustomerName LIKE 'I_USA17046_67811*' OR CustomerName LIKE 'I_USA17055_50332*' OR CustomerName LIKE 'I_USA17078_44131*' OR CustomerName LIKE 'I_USA17111_44147*' OR CustomerName LIKE 'I_USA17375_68974*' OR CustomerName LIKE 'I_USA19342_71635*') AND (GreenfieldCandidate LIKE 'Y*') AND (MileageBand LIKE 'LT0050*' OR MileageBand LIKE 'GT0050*' OR MileageBand LIKE 'GT0100*' OR MileageBand LIKE 'GT0150*' OR MileageBand LIKE 'GT0200*' OR MileageBand LIKE 'GT0300*' OR MileageBand LIKE 'GT0400*' OR MileageBand LIKE 'GT0500*')",,,,,2023-04-14 13:17:22
Close Ranson - Open Repairs At Just,ProductionConstraints,"Status='Exclude'","FacilityName LIKE 'D_USA08810_66673*'",,,,,2023-04-14 13:17:22
Close Ranson - Open Hazleton Repairs,ProductionConstraints,ConstraintValue=ConstraintValue*1.3,"FacilityName LIKE 'D_USA18202_50843*' AND Notes = 'Repair_Capacity'",,,,,2023-04-14 13:17:22
Add 1 Day Inventory,InventoryPolicies,InitialInventory=InitialInventory*1.16025,"Notes = 'SOIP_BeginningInventory'",,,,,2023-04-14 13:17:22
Add 2 Days Inventory,InventoryPolicies,InitialInventory=InitialInventory*1.3205,"Notes = 'SOIP_BeginningInventory'",,,,,2023-04-14 13:17:22
Subtract 1 Day Inventory,InventoryPolicies,InitialInventory=InitialInventory*0.89397,"Notes = 'SOIP_BeginningInventory'",,,,,2023-04-14 13:17:22
Subtract 2 Days Inventory,InventoryPolicies,InitialInventory=InitialInventory*0.67948,"Notes = 'SOIP_BeginningInventory'",,,,,2023-04-14 13:17:22
Closed Quarterly Sites - Sites,Facilities,"FacilityStatus='Exclude'","(FacilityName LIKE 'D_USA92509_75652*' OR FacilityName LIKE 'D_USA95377_65915*' OR FacilityName LIKE 'D_USA97133_42849*' OR FacilityName LIKE 'D_USA25438_75898*')",,,,,2023-04-14 13:17:22
Closed Quarterly Sites - Issues,CustomerFulfillmentPolicies,"Status='Include'","(CustomerName LIKE 'I_USA17046_67811*' OR CustomerName LIKE 'I_USA17055_50332*' OR CustomerName LIKE 'I_USA17078_44131*' OR CustomerName LIKE 'I_USA17111_44147*' OR CustomerName LIKE 'I_USA19342_71635*') AND (GreenfieldCandidate LIKE 'Y*') AND (MileageBand LIKE 'LT0050*' OR MileageBand LIKE 'GT0050*' OR MileageBand LIKE 'GT0100*' OR MileageBand LIKE 'GT0150*' OR MileageBand LIKE 'GT0200*' OR MileageBand LIKE 'GT0300*' OR MileageBand LIKE 'GT0400*' OR MileageBand LIKE 'GT0500*')",,,,,2023-04-14 13:17:22
Annual Repair Variance - 020 - Expression - Next 12,UserDefinedConstraints,"Status='Include'","ConstraintName LIKE 'MonthlyRepairVariance*'",,,,,2023-04-14 13:17:22
Max WIP Inventory - Expression Constraints Adjust max,UserDefinedVariables,Coefficient=-50,"VariableName LIKE 'MaxWIPInventory*' AND TermName LIKE 'TotalInventory_Period*'",,,,,2023-04-14 13:17:22
Lock CPU and Dedicated Lanes - Renters - Exclude,CustomerFulfillmentPolicies,"Status='Exclude'","(CPUDedicated LIKE 'C*' OR CPUDedicated LIKE 'D*' OR CPUDedicated LIKE 'N*')",,,,,2023-04-14 13:17:22
Lock CPU and Dedicated Lanes - Renters - Include,CustomerFulfillmentPolicies,"Status='Include'","(CPUDedicated LIKE 'C*' OR CPUDedicated LIKE 'D*')",,,,,2023-04-14 13:17:22
Lock CPU and Dedicated Lanes - Distributors - Exclude,ReplenishmentPolicies,"Status='Exclude'","(CPUDEDICATED LIKE 'C*' OR CPUDEDICATED LIKE 'D*' OR CPUDEDICATED LIKE 'N*')",,,,,2023-04-14 13:17:22
Lock CPU and Dedicated Lanes - Distributors - Include,ReplenishmentPolicies,"Status='Include'","(CPUDEDICATED LIKE 'C*' OR CPUDEDICATED LIKE 'D*')",,,,,2023-04-14 13:17:22
Infeasibility Correction - Keep Base for First 15_GroupBehaviour,InventoryConstraints,"PeriodNameGroupBehavior='Enumerate'","Notes = 'Depot_Capacity'",,,,,2023-04-14 13:17:22
Minimun Inventory Levels,InventoryConstraints,"Status='Include'","Notes = 'MinInventory'",,,,,2023-04-14 13:17:22
Monthly Adj - Add Storage at MFG,InventoryConstraints,ConstraintValue=12000,"(Notes = 'Depot_Capacity') AND (DepotType = 'Manufacturing')",,,,,2023-04-14 13:17:22
Heat Treatment Requirement - (2) Include Lanes,CustomerFulfillmentPolicies,"Status='Include'","Heat_Treatment_Rqmt LIKE 'Y*'",,,,,2023-04-14 13:17:22
Heat Treatment Requirement - (1) Exclude Base,CustomerFulfillmentPolicies,"Status='Exclude'","Heat_Treatment_Rqmt LIKE 'N*'",,,,,2023-04-14 13:17:22
Monthly Adj Cottondale MFG - Period 01,ProductionConstraints,ConstraintValue=ConstraintValue+3195,"(PeriodName LIKE 'Period 01*') AND (FacilityName LIKE 'D_USA35401_46146*') AND (Notes LIKE 'SOIP_MFG*')",,,,,2023-04-14 13:17:22
"Tripak'sCPUsOpenup",CustomerFulfillmentPolicies,"Status='Include'","(CustomerName LIKE 'I_USA98057_50932*' OR CustomerName LIKE 'I_USA98586_45830*' OR CustomerName LIKE 'I_USA98032_61270*' OR CustomerName LIKE 'I_USA98626_63217*' OR CustomerName LIKE 'I_USA98674_45815*' OR CustomerName LIKE 'I_USA98108_57747*' OR CustomerName LIKE 'I_USA98050_43944*' OR CustomerName LIKE 'I_USA98595_46374*' OR CustomerName LIKE 'I_USA97230_69502*') AND (ORegion LIKE 'PacificCoastal*') AND (GreenfieldCandidate LIKE 'Y*')",,,,,2023-04-14 13:17:22
Monthly Adj_Kykenkee MFG,ProductionConstraints,"ConstraintType='Min'","(FacilityName LIKE 'D_USA35490_54027*')",,,,,2023-04-14 13:17:22
Single Source Distributor (Return) - Horizon,FlowCountConstraints,"Status='Include'","Notes = 'SingleSourceReturns'",,,,,2023-04-14 13:17:22
Metro Renter/Distributor Sorts - To All,ReplenishmentPolicies,"Status='Include'","(FacilityName LIKE 'D_CANH8T3E6_63111*') AND (SourceName LIKE 'D_CANC0B1A0_59139*' OR SourceName LIKE 'D_CANE4M2G1_62101*' OR SourceName LIKE 'D_CANE7H2J2_60575*' OR SourceName LIKE 'D_CANC0B1A0_59139*' OR SourceName LIKE 'D_CANE4M2G1_62101*' OR SourceName LIKE 'D_CANE7H2J2_60575*')",,,,,2023-04-14 13:17:22
SOIP Run - Include Plan Returns,ReplenishmentPolicies,"Status='Include'","(SourceName LIKE 'R*') AND (SOIPPlan LIKE 'Y*')",,,,,2023-04-14 13:17:22
SOIP Run - Exclude All Return Lanes,ReplenishmentPolicies,"Status='Exclude'","SourceName LIKE 'R_*'",,,,,2023-04-14 13:17:22
Coon Rapids Storage - Services Hugo Only SS,ReplenishmentPolicies,"Status='Exclude'","(FacilityName != 'D_USA55038_46360') AND (SourceName LIKE 'D_USA55433_68886*') AND (Notes LIKE 'Baseline_Transfers*')",,,,,2023-04-14 13:17:22
Metro Renter/Distributor Sorts - From All,ReplenishmentPolicies,"Status='Include'","(FacilityName LIKE 'D_CANC0B1A0_59139*' OR FacilityName LIKE 'D_CANE4M2G1_62101*' OR FacilityName LIKE 'D_CANE7H2J2_60575*' OR FacilityName LIKE 'D_CANC0B1A0_59139*' OR FacilityName LIKE 'D_CANE4M2G1_62101*' OR FacilityName LIKE 'D_CANE7H2J2_60575*') AND (SourceName LIKE 'D_CANH8T3E6_63111*')",,,,,2023-04-14 13:17:22
Max WIP Inventory - Inventory Constraints,InventoryConstraints,"Status='Include'","Notes = 'MaxWIPInventory'",,,,,2023-04-14 13:17:22
Sorts Matrix - Include Preferred Assignment,ReplenishmentPolicies,"Status='Include'","RentDistSortPrefAssig LIKE 'Y*'",,,,,2023-04-14 13:17:22
Sorts Matrix - From All - Exclude,ReplenishmentPolicies,"Status='Exclude'","(Notes = 'Baseline_Transfers') AND ((ODepotType != 'BLANK' AND ODepotType != '')) AND (DDepotType LIKE 'Distributor Sort*' OR DDepotType LIKE 'Renter Sort*')",,,,,2023-04-14 13:17:22
Transfers Sort Only,ReplenishmentPolicies,"Status='Exclude'","(Notes = 'Baseline_Transfers') AND (ODepotType LIKE 'Sort Only*') AND (DDepotType LIKE 'DO NOT USE*' OR DDepotType LIKE 'Manufacturing*')",,,,,2023-04-14 13:17:22
Set Repair Capacity,ProductionConstraints,"Status='Include'","Notes = 'Repair_Capacity'",,,,,2023-04-14 13:17:22
SOIP Run - Include Plan Issues,CustomerFulfillmentPolicies,"Status='Include'","SOIPPlan LIKE 'Y*'",,,,,2023-04-14 13:17:22
SOIP Run - Exclude All Issue Lanes,CustomerFulfillmentPolicies,"Status='Exclude'",,,,,,2023-04-14 13:17:22
Storage - No Issues,CustomerFulfillmentPolicies,"Status='Exclude'","DepotType LIKE 'Storage*'",,,,,2023-04-14 13:17:22
Coon Rapids Storage - Services Hugo Only SS (1),ReplenishmentPolicies,"Status='Exclude'","(FacilityName LIKE 'D_USA55433_68886*') AND (SourceName != 'D_USA55038_46360') AND (Notes LIKE 'Baseline_Transfers*')",,,,,2023-04-14 13:17:22
Hazleton Storage - Services Hazleton Only SS (1),ReplenishmentPolicies,"Status='Exclude'","(FacilityName LIKE 'D_USA18202_68941*') AND (SourceName != 'D_USA18202_50843') AND (Notes LIKE 'Baseline_Transfers*')",,,,,2023-04-14 13:17:22
Set Depot Capacity,InventoryConstraints,"Status='Include'","Notes = 'Depot_Capacity'",,,,,2023-04-14 13:17:22
Max WIP Inventory - Expression Constraints,UserDefinedConstraints,"Status='Include'","ConstraintName LIKE 'MaxWIPInventory*'",,,,,2023-04-14 13:17:22
Salinas - No WIP,ReplenishmentPolicies,"ProductName='RFU'","FacilityName LIKE 'D_USA93901_68910*'",,,,,2023-04-14 13:17:22
Sorts Matrix - Include Preferred Assignment PP Closing,ReplenishmentPolicies,"Status='Include'","(FacilityName LIKE 'D_USA12085_70318*') AND (SourceName LIKE 'D_USA12078_58950*' OR SourceName LIKE 'D_USA12303_59141*')",,,,,2023-04-14 13:17:22
Sorts Matrix - Include Preferred Assignment PP Closing 2,ReplenishmentPolicies,"Status='Include'","(FacilityName LIKE 'D_USA12078_58950*' OR FacilityName LIKE 'D_USA12303_59141*') AND (SourceName LIKE 'D_USA12085_70318*')",,,,,2023-04-14 13:17:22
Transfers Repair Only,ReplenishmentPolicies,"Status='Exclude'","(Notes = 'Baseline_Transfers') AND (ODepotType LIKE 'Repair Only*') AND (DDepotType LIKE 'DO NOT USE*' OR DDepotType LIKE 'Distributor Sort*' OR DDepotType LIKE 'Renter Sort*' OR DDepotType LIKE 'Manufacturing*')",,,,,2023-04-14 13:17:22
Transfers Storage,ReplenishmentPolicies,"Status='Exclude'","(Notes = 'Baseline_Transfers') AND (ODepotType LIKE 'Storage*') AND (DDepotType LIKE 'DO NOT USE*' OR DDepotType LIKE 'Distributor Sort*' OR DDepotType LIKE 'Manufacturing*' OR DDepotType LIKE 'Renter Sort*' OR DDepotType LIKE 'Storage*')",,,,,2023-04-14 13:17:22
Transfers MFG,ReplenishmentPolicies,"Status='Exclude'","(Notes = 'Baseline_Transfers') AND (ODepotType LIKE 'Manufacturing*') AND (DDepotType LIKE 'DO NOT USE*' OR DDepotType LIKE 'Manufacturing*' OR DDepotType LIKE 'Distributor Sort*' OR DDepotType LIKE 'Repair Only*' OR DDepotType LIKE 'Renter Sort*')",,,,,2023-04-14 13:17:22
SOIP Run - Exclude Returns With No Supply,Facilities,"FacilityStatus='Exclude'","(FacilityName LIKE 'R*') AND (InSOIPModel LIKE 'N*')",,,,,2023-04-14 13:17:22
Closed Sites - Exclude,Facilities,"FacilityStatus='Exclude'","(FacilityName LIKE 'D*') AND (Closed LIKE 'YES*')",,,,,2023-04-14 13:17:22
Sites - Do Not Use Depots,Facilities,"FacilityStatus='Exclude'","(FacilityName LIKE 'D*') AND (DepotType = 'DO NOT USE')",,,,,2023-04-14 13:17:22
Storage - No Returns,ReplenishmentPolicies,"Status='Exclude'","(SourceName LIKE 'R*') AND (DDepotType LIKE 'Storage*')",,,,,2023-04-14 13:17:22
All - Site Sourcing 1500Miles_Open_CPU_Ded,ReplenishmentPolicies,"Status='Include'","(Notes LIKE '*Returns') AND (GreenfieldCandidate LIKE 'Y*') AND (Distance <= 1500) AND (SOIPPlan = 'N') AND ((PPCRFQ = 'BLANK' Or PPCRFQ = ''))",,,,,2023-04-14 13:17:22
No Returns to Manufacturing,ReplenishmentPolicies,"Status='Exclude'","(SourceName LIKE 'R*') AND (DDepotType LIKE 'Manufacturing*')",,,,,2023-04-14 13:17:22
All - Cust Sourcing 1000Miles_Open_CPU_Ded,CustomerFulfillmentPolicies,"Status='Include'","(GreenfieldCandidate LIKE 'Y*') AND (Distance <= 1000) AND (SOIPPlan = 'N') AND ((PPCRFQ = 'BLANK' Or PPCRFQ = ''))",,,,,2023-04-14 13:17:22
New Lane Rates - TG Policies - Include,TransportationPolicies,"Status='Include'","Notes LIKE 'NewAllToAll*'",,,,,2023-04-14 13:17:22
Sorts Matrix - To All - Exclude,ReplenishmentPolicies,"Status='Exclude'","(Notes = 'Baseline_Transfers') AND (ODepotType LIKE 'Distributor Sort*' OR ODepotType LIKE 'Renter Sort*') AND ((DDepotType != 'BLANK' AND DDepotType != ''))",,,,,2023-04-14 13:17:22
Transfers Full Service,ReplenishmentPolicies,"Status='Exclude'","(Notes = 'Baseline_Transfers') AND (ODepotType LIKE 'Full Service*') AND (DDepotType LIKE 'DO NOT USE*' OR DDepotType LIKE 'Manufacturing*')",,,,,2023-04-14 13:17:22
No Inventory At Renter Distributor Sorts,InventoryConstraints,"Status='Include'","(Notes = 'Depot_Capacity') AND (DepotType LIKE 'Distributor Sort*' OR DepotType LIKE 'Renter Sort*')",,,,,2023-04-14 13:17:22
Min Repair As Day Mins By Month,ProductionConstraints,"Status='Include'","Notes = 'MinRepairsPerDay'",,,,,2023-04-14 13:17:22
Multi Source - Customers - (1) Exclude Lanes,CustomerFulfillmentPolicies,"Status='Exclude'","(SOIPPlan LIKE 'N*') AND (MULTI_SOURCE_OPTION LIKE 'N*')",,,,,2023-04-14 13:17:22
Multi Source - Customers - (2) Include MS Options,CustomerFulfillmentPolicies,"Status='Include'","((CPUDedicated = 'BLANK' Or CPUDedicated = '') OR CPUDedicated = 'C' OR CPUDedicated = 'D') AND (MULTI_SOURCE_OPTION LIKE 'Y*')",,,,,2023-04-14 13:17:22
Multi Source - Customers - (3) Keep SS Constraint,FlowCountConstraints,"Status='Include'","Notes = 'SplitSource_SelectFew_Rent_SS'",,,,,2023-04-14 13:17:22
FQ_Anderson,CustomerFulfillmentPolicies,"Status='Include'","(CustomerName LIKE 'I_USA29626_46323*') AND (SourceName LIKE '*59068*' OR SourceName LIKE '*46146*' OR SourceName LIKE '*60457*' OR SourceName LIKE '*54027*' OR SourceName LIKE '*63875*')",,,,,2023-04-14 13:17:22
Block_X_Country_CAN_Returns,ReplenishmentPolicies,"Status='Exclude'","(FacilityName LIKE 'D*') AND (SourceName LIKE 'R*') AND (OCountry LIKE 'CAN*') AND (DCountry LIKE 'USA*' OR DCountry LIKE 'MEX*') AND (SOIPPlan LIKE 'n*')",,,,,2023-04-14 13:17:22
Monthly Adj_Atlas MFG,ProductionConstraints,"ConstraintType='Min'","(FacilityName LIKE 'D_USA22546_46488*') AND (Notes LIKE 'SOIP_MFG*')",,,,,2023-04-14 13:17:22
New Pallet Requirement - (1) Exclude Base,CustomerFulfillmentPolicies,"Status='Exclude'","New_Pallet_Rqmt LIKE 'N*'",,,,,2023-04-14 13:17:22
New Pallet Requirement - (2) Include Lanes,CustomerFulfillmentPolicies,"Status='Include'","New_Pallet_Rqmt LIKE 'Y*'",,,,,2023-04-14 13:17:22
Hershey_PA/Reese_fromAtlas,CustomerFulfillmentPolicies,"Status='Exclude'","(CustomerName LIKE 'I_USA17033_45786*' OR CustomerName LIKE 'I_USA17033_55754*') AND (SOIPPlan LIKE 'n*')",,,,,2023-04-14 13:17:22
Block_X_CountryMoves_CAN_Issues,CustomerFulfillmentPolicies,"Status='Exclude'","(OCountry LIKE 'USA*') AND (DCountry LIKE 'CAN*' OR DCountry LIKE 'MEX*') AND (SOIPPlan LIKE 'N*')",,,,,2023-04-14 13:17:22
Block_X_Country_USA_Returns,ReplenishmentPolicies,"Status='Exclude'","(FacilityName LIKE 'D*') AND (SourceName LIKE 'R*') AND (OCountry LIKE 'USA*') AND (DCountry LIKE 'CAN*' OR DCountry LIKE 'MEX*') AND (SOIPPlan LIKE 'n*')",,,,,2023-04-14 13:17:22
Issues_Open_withover_1Depot_Zone1,CustomerFulfillmentPolicies,"Status='Include'","(GreenfieldCandidate LIKE 'Y*') AND (Distance < 1000) AND (SOIPPlan LIKE 'N*') AND ((CPUDedicated = 'BLANK' Or CPUDedicated = '')) AND ((PPCRFQ = 'BLANK' Or PPCRFQ = '')) AND (NUMBER_OF_DEPOTS_SERVED > 1) AND (DZone = 'Zone 1')",,,,,2023-04-14 13:17:22
"Tripak's_DedicOpenup",ReplenishmentPolicies,"Status='Include'","(FacilityName != 'D_USA97133_42849') AND (SourceName LIKE 'R_USA98371_44321*' OR SourceName LIKE 'R_USA98421_50992*' OR SourceName LIKE 'R_USA98498_44665*' OR SourceName LIKE 'R_USA98421_50480*' OR SourceName LIKE 'R_USA98047_43988*' OR SourceName LIKE 'R_USA99515_51257*' OR SourceName LIKE 'R_USA99518_51563*' OR SourceName LIKE 'R_USA99501_66126*' OR SourceName LIKE 'R_USA98498_60540*' OR SourceName LIKE 'R_USA99501_70384*' OR SourceName LIKE 'R_USA99518_68382*') AND (DRegion LIKE 'PacificCoastal*') AND (GreenfieldCandidate LIKE 'y*')",,,,,2023-04-14 13:17:22
Returns - Optimization,ReplenishmentPolicies,"Status='Include'","AddToModel = 'Y'",,,,,2023-04-14 13:17:22
Issues_Open_withover_1Depot_Zone2,CustomerFulfillmentPolicies,"Status='Include'","(GreenfieldCandidate LIKE 'Y*') AND (Distance < 1000) AND (SOIPPlan LIKE 'N*') AND ((CPUDedicated = 'BLANK' Or CPUDedicated = '')) AND ((PPCRFQ = 'BLANK' Or PPCRFQ = '')) AND (NUMBER_OF_DEPOTS_SERVED > 1) AND (DZone = 'Zone 2')",,,,,2023-04-14 13:17:22
Block_X_Country_Moves_USA_Issues,CustomerFulfillmentPolicies,"Status='Exclude'","(OCountry LIKE 'CAN*' OR OCountry LIKE 'MEX*') AND (DCountry LIKE 'USA*') AND (SOIPPlan LIKE 'n*')",,,,,2023-04-14 13:17:22
Issues_Open_withover_1Depot_Zone3,CustomerFulfillmentPolicies,"Status='Include'","(GreenfieldCandidate LIKE 'Y*') AND (Distance < 1000) AND (SOIPPlan LIKE 'N*') AND ((CPUDedicated = 'BLANK' Or CPUDedicated = '')) AND ((PPCRFQ = 'BLANK' Or PPCRFQ = '')) AND (NUMBER_OF_DEPOTS_SERVED > 1) AND (DZone = 'Zone 3')",,,,,2023-04-14 13:17:22
Issues_Open_withover_1Depot_Zone4,CustomerFulfillmentPolicies,"Status='Include'","(GreenfieldCandidate LIKE 'Y*') AND (Distance < 1000) AND (SOIPPlan LIKE 'N*') AND ((CPUDedicated = 'BLANK' Or CPUDedicated = '')) AND ((PPCRFQ = 'BLANK' Or PPCRFQ = '')) AND (NUMBER_OF_DEPOTS_SERVED > 1) AND (DZone = 'Zone 4')",,,,,2023-04-14 13:17:22
Issues_Open_withover_1Depot_Zone5,CustomerFulfillmentPolicies,"Status='Include'","(GreenfieldCandidate LIKE 'Y*') AND (Distance < 1000) AND (SOIPPlan LIKE 'N*') AND ((CPUDedicated = 'BLANK' Or CPUDedicated = '')) AND ((PPCRFQ = 'BLANK' Or PPCRFQ = '')) AND (NUMBER_OF_DEPOTS_SERVED > 1) AND (DZone = 'Zone 5')",,,,,2023-04-14 13:17:22
Returns_Open_withover_1Depot_Zone1,ReplenishmentPolicies,"Status='Include'","(SourceName LIKE 'R*') AND (GreenfieldCandidate LIKE 'Y*') AND (Distance < 1500) AND (SOIPPlan LIKE 'n*') AND ((CPUDEDICATED = 'BLANK' Or CPUDEDICATED = '')) AND ((PPCRFQ = 'BLANK' Or PPCRFQ = '')) AND (NUMBER_OF_DEPOTS_SERVED > 1) AND (OZone = 'Zone 1')",,,,,2023-04-14 13:17:22
Returns_Open_withover_1Depot_Zone2,ReplenishmentPolicies,"Status='Include'","(SourceName LIKE 'R*') AND (GreenfieldCandidate LIKE 'Y*') AND (Distance < 1500) AND (SOIPPlan LIKE 'n*') AND ((CPUDEDICATED = 'BLANK' Or CPUDEDICATED = '')) AND ((PPCRFQ = 'BLANK' Or PPCRFQ = '')) AND (NUMBER_OF_DEPOTS_SERVED > 1) AND (OZone = 'Zone 2')",,,,,2023-04-14 13:17:22
Returns_Open_withover_1Depot_Zone3,ReplenishmentPolicies,"Status='Include'","(SourceName LIKE 'R*') AND (GreenfieldCandidate LIKE 'Y*') AND (Distance < 1500) AND (SOIPPlan LIKE 'n*') AND ((CPUDEDICATED = 'BLANK' Or CPUDEDICATED = '')) AND ((PPCRFQ = 'BLANK' Or PPCRFQ = '')) AND (NUMBER_OF_DEPOTS_SERVED > 1) AND (OZone = 'Zone 3')",,,,,2023-04-14 13:17:22
Returns_Open_withover_1Depot_Zone4,ReplenishmentPolicies,"Status='Include'","(SourceName LIKE 'R*') AND (GreenfieldCandidate LIKE 'Y*') AND (Distance < 1500) AND (SOIPPlan LIKE 'n*') AND ((CPUDEDICATED = 'BLANK' Or CPUDEDICATED = '')) AND ((PPCRFQ = 'BLANK' Or PPCRFQ = '')) AND (NUMBER_OF_DEPOTS_SERVED > 1) AND (OZone = 'Zone 4')",,,,,2023-04-14 13:17:22
Returns_Open_withover_1Depot_Zone5,ReplenishmentPolicies,"Status='Include'","(SourceName LIKE 'R*') AND (GreenfieldCandidate LIKE 'Y*') AND (Distance < 1500) AND (SOIPPlan LIKE 'n*') AND ((CPUDEDICATED = 'BLANK' Or CPUDEDICATED = '')) AND ((PPCRFQ = 'BLANK' Or PPCRFQ = '')) AND (NUMBER_OF_DEPOTS_SERVED > 1) AND (OZone = 'Zone 5')",,,,,2023-04-14 13:17:22
Issues_Open_LT_3500plts_permonth,CustomerFulfillmentPolicies,"Status='Include'","(GreenfieldCandidate = 'Y') AND (SOIPPlan = 'N') AND ((CPUDedicated = 'BLANK' Or CPUDedicated = '')) AND (MileageBand = 'LT1000') AND (MonthlyPalletBand = 'LT3500')",,,,,2023-04-14 13:17:22
Returns_Open_LT_3500plt_perMonth,ReplenishmentPolicies,"Status='Include'","(SourceName LIKE 'R*') AND (GreenfieldCandidate = 'Y') AND (SOIPPlan = 'N') AND ((CPUDEDICATED = 'BLANK' Or CPUDEDICATED = '')) AND (MileageBand = 'LT1500') AND (MONTHLYPALLETBAND = 'LT3500')",,,,,2023-04-14 13:17:22
Issues_Open_withover_1Depot_ZoneAll,CustomerFulfillmentPolicies,"Status='Include'","(GreenfieldCandidate = 'Y') AND (SOIPPlan = 'N') AND ((CPUDedicated = 'BLANK' Or CPUDedicated = '')) AND (MileageBand = 'LT1000') AND (NbrDepotsBand = 'GT01')",,,,,2023-04-14 13:17:22
Returns_Open_withover_1Depot_ZoneAll,ReplenishmentPolicies,"Status='Include'","(GreenfieldCandidate = 'Y') AND (SOIPPlan = 'N') AND ((CPUDEDICATED = 'BLANK' Or CPUDEDICATED = '')) AND (MileageBand = 'LT1500') AND (NBRDEPOTSBAND = 'GT01')",,,,,2023-04-14 13:17:22
Issues_Open_LT_5500plts_permonth,CustomerFulfillmentPolicies,"Status='Include'","(GreenfieldCandidate LIKE 'Y*') AND (Distance < 1000) AND (SOIPPlan LIKE 'N*') AND ((CPUDedicated = 'BLANK' Or CPUDedicated = '')) AND ((PPCRFQ = 'BLANK' Or PPCRFQ = '')) AND (MONTHLY_AVG < 5500)",,,,,2023-04-14 13:17:22
Returns_Open_LT_5500plt_perMonth,ReplenishmentPolicies,"Status='Include'","(SourceName LIKE 'R*') AND (GreenfieldCandidate LIKE 'Y*') AND (Distance < '1500') AND (SOIPPlan LIKE 'n*') AND ((CPUDEDICATED = 'BLANK' Or CPUDEDICATED = '')) AND ((PPCRFQ = 'BLANK' Or PPCRFQ = '')) AND (MONTHLY_AVG < 5500)",,,,,2023-04-14 13:17:22
Issues_Open_withover_1Depot_ZoneAll_GT03,CustomerFulfillmentPolicies,"Status='Include'","(GreenfieldCandidate LIKE 'Y*') AND (Distance < 1000) AND (SOIPPlan LIKE 'N*') AND ((CPUDedicated = 'BLANK' Or CPUDedicated = '')) AND ((PPCRFQ = 'BLANK' Or PPCRFQ = '')) AND (NUMBER_OF_DEPOTS_SERVED > 1)",,,,,2023-04-14 13:17:22
Returns_Open_withover_1Depot_ZoneAll_GT03,ReplenishmentPolicies,"Status='Include'","(SourceName LIKE 'R*') AND (GreenfieldCandidate LIKE 'Y*') AND (Distance < '1500') AND (SOIPPlan LIKE 'n*') AND ((CPUDEDICATED = 'BLANK' Or CPUDEDICATED = '')) AND ((PPCRFQ = 'BLANK' Or PPCRFQ = '')) AND (NUMBER_OF_DEPOTS_SERVED > 3)",,,,,2023-04-14 13:17:22
Multi Source - Distributors - (3) Keep SS Constraint,FlowCountConstraints,"Status='Include'","Notes = 'SplitSource_SelectFew_Dist_SS'",,,,,2023-04-14 13:17:22
Multi Source - Customers - (4) Allow MS Constraint,FlowCountConstraints,"Status='Include'","Notes = 'SplitSource_SelectFew_Rent_MS'",,,,,2023-04-14 13:17:22
Multi Source - Distributors - (4) Allow MS Constraint,FlowCountConstraints,"Status='Include'","Notes = 'SplitSource_SelectFew_Dist_MS'",,,,,2023-04-14 13:17:22
Multi Source - Distributors - (1) Exclude Lanes,ReplenishmentPolicies,"Status='Exclude'","(SOIPPlan LIKE 'N*') AND (MULTI_SOURCE_OPTION LIKE 'N*')",,,,,2023-04-14 13:17:22
Multi Source - Distributors - (2) Include MS Options,ReplenishmentPolicies,"Status='Include'","((CPUDEDICATED = 'BLANK' Or CPUDEDICATED = '') OR CPUDEDICATED = 'C' OR CPUDEDICATED = 'D') AND (MULTI_SOURCE_OPTION LIKE 'Y*')",,,,,2023-04-14 13:17:22
All - Cust Sourcing 1000Miles_Locked_CPU_Ded,CustomerFulfillmentPolicies,"Status='Include'","(GreenfieldCandidate LIKE 'Y*') AND (Distance <= 1000) AND (SOIPPlan = 'N') AND ((CPUDedicated = 'BLANK' Or CPUDedicated = '')) AND ((PPCRFQ = 'BLANK' Or PPCRFQ = ''))",,,,,2023-04-14 13:17:22
All - Site Sourcing 1500Miles_Locked_CPU_Ded,ReplenishmentPolicies,"Status='Include'","(GreenfieldCandidate LIKE 'Y*') AND (Distance <= 1500) AND (SOIPPlan LIKE 'N*') AND ((CPUDEDICATED = 'BLANK' Or CPUDEDICATED = '')) AND ((PPCRFQ = 'BLANK' Or PPCRFQ = ''))",,,,,2023-04-14 13:17:22
FQ_Atlanta,CustomerFulfillmentPolicies,"Status='Include'","(CustomerName LIKE 'I_USA29626_46323*') AND (SourceName LIKE '*59068*' OR SourceName LIKE '*46146*' OR SourceName LIKE '*60457*' OR SourceName LIKE '*54027*' OR SourceName LIKE '*63875*')",,,,,2023-04-14 13:17:22
Infeasibility Fix - Increase Network Storage Capacity,InventoryConstraints,ConstraintValue=ConstraintValue*1.1,"Notes = 'Depot_Capacity'",,,,,2023-04-14 13:17:22
Dallas - Storage - Base,InventoryConstraints,"Status='Exclude'","(FacilityName LIKE 'D_USA75212_67095*') AND (Notes = 'Depot_Capacity')",,,,,2023-04-14 13:17:22
All - Cust Sourcing 1000Miles_Open_Dedic,CustomerFulfillmentPolicies,"Status='Include'","(GreenfieldCandidate LIKE 'Y*') AND (Distance <= 1000) AND (SOIPPlan = 'N') AND ((CPUDedicated = 'BLANK' Or CPUDedicated = '') OR CPUDedicated LIKE 'D*' OR CPUDedicated LIKE 'ND*') AND ((PPCRFQ = 'BLANK' Or PPCRFQ = ''))",,,,,2023-04-14 13:17:22
All - Site Sourcing 1500Miles_Open_Dedic,ReplenishmentPolicies,"Status='Include'","(Notes LIKE '*Returns') AND (GreenfieldCandidate LIKE 'Y*') AND (Distance <= 1500) AND (SOIPPlan = 'N') AND ((CPUDEDICATED = 'BLANK' Or CPUDEDICATED = '') OR CPUDEDICATED LIKE 'D*' OR CPUDEDICATED LIKE 'ND*') AND ((PPCRFQ = 'BLANK' Or PPCRFQ = ''))",,,,,2023-04-14 13:17:22
All - Cust Sourcing 1000Miles_Open_CPU,CustomerFulfillmentPolicies,"Status='Include'","(GreenfieldCandidate LIKE 'Y*') AND (Distance <= 1000) AND (SOIPPlan = 'N') AND ((CPUDedicated = 'BLANK' Or CPUDedicated = '') OR CPUDedicated LIKE 'C*' OR CPUDedicated LIKE 'NC*') AND ((PPCRFQ = 'BLANK' Or PPCRFQ = ''))",,,,,2023-04-14 13:17:22
All - Site Sourcing 1500Miles_Open_CPU,ReplenishmentPolicies,"Status='Include'","(Notes LIKE '*Returns') AND (GreenfieldCandidate LIKE 'Y*') AND (Distance <= 1500) AND (SOIPPlan = 'N') AND ((CPUDEDICATED = 'BLANK' Or CPUDEDICATED = '') OR CPUDEDICATED LIKE 'C*' OR CPUDEDICATED LIKE 'NC*') AND ((PPCRFQ = 'BLANK' Or PPCRFQ = ''))",,,,,2023-04-14 13:17:22
Atlanta_Storage_Adj,InventoryConstraints,ConstraintValue=ConstraintValue+55000,"(FacilityName LIKE '*63875*') AND (ConstraintType LIKE 'Max*')",,,,,2023-04-14 13:17:22
Atlanta_Repairs_Adj,ProductionConstraints,ConstraintValue=ConstraintValue*2,"FacilityName LIKE '*63875'",,,,,2023-04-14 13:17:22
Monthly_Adj_MEX_Mfg,ProductionConstraints,"ConstraintType='Min'","(FacilityName LIKE 'D_MEX45650_74082*') AND (Notes LIKE 'SOIP_MFG*')",,,,,2023-04-14 13:17:22
OpenUp_Returns_SE_Region_toAtlanta,ReplenishmentPolicies,"Status='Include'","(FacilityName LIKE 'D_USA30336_63875*') AND (ORegion LIKE 'Southern*') AND (GreenfieldCandidate LIKE 'Y*') AND (Distance <= 1500) AND (SOIPPlan LIKE 'N*') AND ((CPUDEDICATED = 'BLANK' Or CPUDEDICATED = '')) AND ((PPCRFQ = 'BLANK' Or PPCRFQ = '')) AND (OPECOSubRegion LIKE 'US 04b*' OR OPECOSubRegion LIKE 'US 02b*' OR OPECOSubRegion LIKE 'US 03b*' OR OPECOSubRegion LIKE 'US 03a*')",,,,,2023-04-14 13:17:22
2022 Budget Plan - 02 - Budget Issues,CustomerDemand,"Status='Include'","Notes = 'Issues_OctSOIP_2022BODPlan'",,,,,2023-04-14 13:17:22
Remove Refresco - Less Customer,Customers,"Status='Exclude'","(CustomerName LIKE '*71632' OR CustomerName LIKE '*71630' OR CustomerName LIKE '*71633' OR CustomerName LIKE '*71631' OR CustomerName LIKE '*71638' OR CustomerName LIKE '*71634' OR CustomerName LIKE '*71652' OR CustomerName LIKE '*71651' OR CustomerName LIKE '*71635' OR CustomerName LIKE '*71658' OR CustomerName LIKE '*71655' OR CustomerName LIKE '*71697' OR CustomerName LIKE '*71682' OR CustomerName LIKE '*71748' OR CustomerName LIKE '*71747' OR CustomerName LIKE '*71650' OR CustomerName LIKE '*71653' OR CustomerName LIKE '*71749' OR CustomerName LIKE '*74631')",,,,,2023-04-14 13:17:22
Remove Refresco - Exclude Demand,CustomerDemand,"Status='Exclude'","(CustomerName LIKE 'I_USA14048_71630*' OR CustomerName LIKE 'I_USA64801_71631*' OR CustomerName LIKE 'I_USA63043_71632*' OR CustomerName LIKE 'I_USA78219_71633*' OR CustomerName LIKE 'I_USA27893_71634*' OR CustomerName LIKE 'I_USA76155_71638*' OR CustomerName LIKE 'I_USA19342_71635*' OR CustomerName LIKE 'I_USA33605_71652*' OR CustomerName LIKE 'I_USA63801_71651*' OR CustomerName LIKE 'I_USA91761_71658*' OR CustomerName LIKE 'I_USA99362_71655*' OR CustomerName LIKE 'I_USA92408_71697*' OR CustomerName LIKE 'I_USA31901_71682*' OR CustomerName LIKE 'I_USA29650_71748*' OR CustomerName LIKE 'I_USA74434_71653*' OR CustomerName LIKE 'I_USA07885_71747*')",,,,,2023-04-14 13:17:22
Remove Refresco - Exclude SOIP Returns,ProductionConstraints,"Status='Exclude'","Notes = 'Returns_JanSOIP'",,,,,2023-04-14 13:17:22
Annual Repair Variance - 020 - Expression - Next 06,UserDefinedConstraints,"Status='Include'","ConstraintName LIKE 'AnnualVariance_Next06*'",,,,,2023-04-14 13:17:22
Annual Repair Variance - 010 - Production - Period,ProductionConstraints,"PeriodName='Next06_Qtr'","Notes = 'AnnualVariance'",,,,,2023-04-14 13:17:22
Annual Repair Variance - 010 - Production - Period_GroupBehavior,ProductionConstraints,"PeriodNameGroupBehavior='Aggregate'","Notes = 'AnnualVariance'",,,,,2023-04-14 13:17:22
2022 Budget Plan - 21 - Include Budget MFG (2.4M Choose),ProductionConstraints,"Status='Include'","Notes = 'SOIP_MFG_2022BODPlan_V3'",,,,,2023-04-14 13:17:22
Close Ranson - Open Up Locked Returns,ReplenishmentPolicies,"Status='Include'","(SourceName LIKE 'R_USA17013_43564*' OR SourceName LIKE 'R_USA17078_44131*' OR SourceName LIKE 'R_USA17111_44147*' OR SourceName LIKE 'R_USA17225_42398*' OR SourceName LIKE 'R_USA17307_44711*' OR SourceName LIKE 'R_USA17402_44460*' OR SourceName LIKE 'R_USA17517_43007*' OR SourceName LIKE 'R_USA21701_44092*' OR SourceName LIKE 'R_USA22801_56003*') AND (GreenfieldCandidate LIKE 'Y*') AND (MileageBand LIKE 'LT0050*' OR MileageBand LIKE 'GT0050*' OR MileageBand LIKE 'GT0100*' OR MileageBand LIKE 'GT0150*' OR MileageBand LIKE 'GT0200*' OR MileageBand LIKE 'GT0300*' OR MileageBand LIKE 'GT0400*' OR MileageBand LIKE 'GT0500*' OR MileageBand LIKE 'GT1000*')",,,,,2023-04-14 13:17:22
Closed Quarterly Sites - Returns,ReplenishmentPolicies,"Status='Include'","(SourceName LIKE 'R_USA22801_56003*') AND (DDepotType = 'Full Service') AND (GreenfieldCandidate LIKE 'Y*') AND (MileageBand LIKE 'LT0050*' OR MileageBand LIKE 'GT0050*' OR MileageBand LIKE 'GT0100*' OR MileageBand LIKE 'GT0150*' OR MileageBand LIKE 'GT0200*' OR MileageBand LIKE 'GT0300*' OR MileageBand LIKE 'GT0400*' OR MileageBand LIKE 'GT0500*' OR MileageBand LIKE 'GT1000*')",,,,,2023-04-14 13:17:22
Annual Repair Variance - 010 - Production - Next 12,ProductionConstraints,"Status='Include'","Notes = 'AnnualVariance_Next12'",,,,,2023-04-14 13:17:22
Remove Refresco - Returns Less Refresco,ProductionConstraints,"Status='Include'","Notes = 'Returns_JanSOIP_Refresco'",,,,,2023-04-14 13:17:22
Remove Refresco - Less WIP in Repairs,ProductionConstraints,"Status='Include'","Notes = 'MinRepairsPerDay_Refresco'",,,,,2023-04-14 13:17:22
OpenUp_Zone2_Issues_ToKykenkee,CustomerFulfillmentPolicies,"Status='Include'","(CustomerName LIKE 'I_USA43420_60584*' OR CustomerName LIKE 'I_USA54403_53910*' OR CustomerName LIKE 'I_USA64024_65600*' OR CustomerName LIKE 'I_USA64801_71631*' OR CustomerName LIKE 'I_USA65804_53905*' OR CustomerName LIKE 'I_USA62025_43080*') AND (SourceName LIKE 'D_USA35490_54027*') AND (DZone LIKE 'Zone 2*')",,,,,2023-04-14 13:17:22
Indy_IncreaseStorage,InventoryConstraints,ConstraintValue=ConstraintValue*1.1,"(FacilityName LIKE 'D_USA46235_56720*') AND (Notes LIKE 'Depot_Capacity*')",,,,,2023-04-14 13:17:22
ExcludeIssues_Midwest&PalletExpress,CustomerFulfillmentPolicies,"Status='Exclude'","(SourceName LIKE 'D_USA60432_64111*' OR SourceName LIKE 'D_USA84104_69321*')",,,,,2023-04-14 13:17:22
ExcludeReturns_Midwest&PalletExpress,ReplenishmentPolicies,"Status='Exclude'","(FacilityName LIKE 'D_USA84104_69321*' OR FacilityName LIKE 'D_USA60432_64111*') AND (SourceName LIKE 'R_*')",,,,,2023-04-14 13:17:22
OpenUpIssues_Midwest&PalletExpress,CustomerFulfillmentPolicies,"Status='Include'","(CustomerName LIKE 'I_USA60104_53201*' OR CustomerName LIKE 'I_USA60104_55126*' OR CustomerName LIKE 'I_USA60433_60916*') AND (GreenfieldCandidate LIKE 'Y*') AND (Distance <= 1000) AND (SOIPPlan = 'N')",,,,,2023-04-14 13:17:22
Offset Low Inventory,ProductionConstraints,ConstraintValue=ConstraintValue+118000,"(PeriodName = 'Period 07' OR PeriodName LIKE 'Period 08*' OR PeriodName LIKE 'Period 09*') AND (FacilityName LIKE 'D_USA35490_54027*') AND (Notes = 'SOIP_MFG')",,,,,2023-04-14 13:17:22
Adjusted Returns - New Damage Rate - Exclude Base,ProductionConstraints,"Status='Exclude'","Notes = 'Returns_MarSOIP'",,,,,2023-04-14 13:17:22
Adjusted Returns - New Damage Rate - New Profile,ProductionConstraints,"Status='Include'","Notes = 'Returns_MarSOIP_Quarterly'",,,,,2023-04-14 13:17:22
Minimum Repairs per month - Adjusted,ProductionConstraints,"Status='Include'","Notes = 'MinRepairsPerDay_Quarterly'",,,,,2023-04-14 13:17:22
Adjust Mexico MFG - Period 07,ProductionConstraints,ConstraintValue=ConstraintValue+5528,"(PeriodName LIKE 'Period 07*') AND (FacilityName LIKE 'D_MEX66052_75924*') AND (Notes = 'SOIP_MFG')",,,,,2023-04-14 13:17:22
Adjust Mexico MFG - Period 09,ProductionConstraints,ConstraintValue=ConstraintValue+2207,"(PeriodName LIKE 'Period 09*') AND (FacilityName LIKE 'D_MEX66052_75924*') AND (Notes = 'SOIP_MFG')",,,,,2023-04-14 13:17:22
Adjust Mexico MFG - Period 11,ProductionConstraints,ConstraintValue=ConstraintValue+942,"(PeriodName LIKE 'Period 11*') AND (FacilityName LIKE 'D_MEX66052_75924*') AND (Notes = 'SOIP_MFG')",,,,,2023-04-14 13:17:22
FQ Anderson Operational Sourcing,CustomerFulfillmentPolicies,"Status='Include'","(CustomerName LIKE 'I_USA29626_46323*') AND (SourceName LIKE '*63875' OR SourceName LIKE '*59068' OR SourceName LIKE '*60457' OR SourceName LIKE '*63577')",,,,,2023-04-14 13:17:22
FQ Anderson All Sourcing,CustomerFulfillmentPolicies,"Status='Exclude'","CustomerName LIKE  'I_USA29626_46323*'",,,,,2023-04-14 13:17:22
Dallas Option For MFG Renters,CustomerFulfillmentPolicies,"Status='Include'","(CustomerName LIKE 'I_USA30046_58622*' OR CustomerName LIKE 'I_USA30701_67217*' OR CustomerName LIKE 'I_USA30701_66866*' OR CustomerName LIKE 'I_USA35601_44000*' OR CustomerName LIKE 'I_USA30705_66835*' OR CustomerName LIKE 'I_USA31750_76918*' OR CustomerName LIKE 'I_USA30144_56205*' OR CustomerName LIKE 'I_USA31407_69822*' OR CustomerName LIKE 'I_USA30253_59641*' OR CustomerName LIKE 'I_USA30253_73996*' OR CustomerName LIKE 'I_USA36303_71600*' OR CustomerName LIKE 'I_USA36732_63215*' OR CustomerName LIKE 'I_USA60123_60023*' OR CustomerName LIKE 'I_USA39817_77164*' OR CustomerName LIKE 'I_USA61821_54008*' OR CustomerName LIKE 'I_USA29072_59654*' OR CustomerName LIKE 'I_USA30152_77124*' OR CustomerName LIKE 'I_USA35603_63135*' OR CustomerName LIKE 'I_USA30458_70761*' OR CustomerName LIKE 'I_USA35022_63824*' OR CustomerName LIKE 'I_USA35209_76847*' OR CustomerName LIKE 'I_USA30721_64476*' OR CustomerName LIKE 'I_USA30720_45108*' OR CustomerName LIKE 'I_USA23970_70684*' OR CustomerName LIKE 'I_USA27360_45306*' OR CustomerName LIKE 'I_USA27809_59356*' OR CustomerName LIKE 'I_USA35224_66425*' OR CustomerName LIKE 'I_USA53073_74533*' OR CustomerName LIKE 'I_USA53042_67443*' OR CustomerName LIKE 'I_USA27537_76610*' OR CustomerName LIKE 'I_USA23851_58529*' OR CustomerName LIKE 'I_USA27877_51391*' OR CustomerName LIKE 'I_USA39401_64933*' OR CustomerName LIKE 'I_USA29730_66845*' OR CustomerName LIKE 'I_USA60510_45668*' OR CustomerName LIKE 'I_USA28590_59841*' OR CustomerName LIKE 'I_USA28166_67451*' OR CustomerName LIKE 'I_USA42445_65955*' OR CustomerName LIKE 'I_USA28086_65155*' OR CustomerName LIKE 'I_USA40391_74516*') AND (SourceName LIKE 'D_USA75212_67095*')",,,,,2023-04-14 13:17:22
AOP 2023 - MFG V2,ProductionConstraints,"Status='Include'","Notes = 'MFG_AOP_2023_V2'",,,,,2023-04-14 13:17:22
AOP 2023 - Increase MFG in Period 04 To offset Inv and Returns V2,ProductionConstraints,ConstraintValue=ConstraintValue+57642,"(PeriodName LIKE 'Period 01*' OR PeriodName LIKE 'Period 02*' OR PeriodName LIKE 'Period 03*' OR PeriodName LIKE 'Period 04*') AND (FacilityName LIKE 'D_USA35490_54027*' AND Notes = 'MFG_AOP_2023_V2')",,,,,2023-04-14 13:17:22
Infeasibility Correction - MFG,ProductionConstraints,ConstraintValue=ConstraintValue+1172,"(PeriodName LIKE 'Period 14*' AND FacilityName LIKE 'D_USA35401_46146*') AND (Notes LIKE 'SOIP_MFG_2022BODPlan*')",,,,,2023-04-14 13:17:22
Exclude Base - MFG,ProductionConstraints,"Status='Exclude'","Notes = 'SOIP_MFG'",,,,,2023-04-14 13:17:22
AOP 2023 - Returns,ProductionConstraints,"Status='Include'","Notes = 'Returns_AOP_2023'",,,,,2023-04-14 13:17:22
Exclude Base - Issues,CustomerDemand,"Status='Exclude'","Notes = 'Issues_SeptemberSOIP'",,,,,2023-04-14 13:17:22
AOP 2023 - Issues,CustomerDemand,"Status='Include'","Notes = 'Issues_AOP_2023'",,,,,2023-04-14 13:17:22
Annual Repair Variance - 020 - Expression - Next 06_supporting_item,UserDefinedVariables,"Status='Include'","VariableName LIKE 'AnnualVariance_Next06*'",,,,,2023-04-14 13:17:22
Annual Repair Variance - 020 - Expression - Next 12_supporting_item,UserDefinedVariables,"Status='Include'","VariableName LIKE 'MonthlyRepairVariance*'",,,,,2023-04-14 13:17:22
OpenUpReturns_Midwest&PalletExpress,ReplenishmentPolicies,"Status='Include'","(SourceName LIKE 'R_USA60608_50644*' OR SourceName LIKE 'R_USA60104_55126*' OR SourceName LIKE 'R_USA64507_62638*' OR SourceName LIKE 'R_USA43551_62805*' OR SourceName LIKE 'R_USA61252_65253*' OR SourceName LIKE 'R_USA60406_70495*') AND (Distance <= 1000) AND (SOIPPlan LIKE 'N*') AND ((CPUDEDICATED = 'BLANK' Or CPUDEDICATED = ''))",,,,,2023-04-14 13:17:22
Reduced_Rates_20%,TransportationPolicies,FixedCost=FixedCost/1.2,"RateUsed LIKE 'MarketRate*'",,,,,2023-04-14 13:17:22
Issues_Open_LT_6000plts_permonth,CustomerFulfillmentPolicies,"Status='Include'","(GreenfieldCandidate LIKE 'Y*') AND (SOIPPlan LIKE 'N*') AND (CPUDedicated != 'C' AND CPUDedicated != 'D' AND CPUDedicated != 'ND' AND CPUDedicated != 'NC') AND (MONTHLY_AVG < 6000) AND (MileageBand LIKE 'LT1000*')",,,,,2023-04-14 13:17:22
All - Cust Sourcing 1000Miles_Locked_CPU_DedTest,CustomerFulfillmentPolicies,"Status='Include'","(GreenfieldCandidate LIKE 'Y*') AND (SOIPPlan = 'N') AND (CPUDedicated != 'C' AND CPUDedicated != 'D' AND CPUDedicated != 'NC' AND CPUDedicated != 'ND') AND (MileageBand LIKE 'LT1000*')",,,,,2023-04-14 13:17:22
Offshore_Returns,ReplenishmentPolicies,"Status='Exclude'","(SourceName LIKE 'R_USA967*') AND (SOIPPlan LIKE 'N*')",,,,,2023-04-14 13:17:22
Issues_3in1,CustomerFulfillmentPolicies,"Status='Include'","(GreenfieldCandidate LIKE 'Y*') AND (SOIPPlan LIKE 'N*') AND (CPUDedicated != 'C' AND CPUDedicated != 'D' AND CPUDedicated != 'ND' AND CPUDedicated != 'NC') AND ([UserDefinedField27] < 3500) AND (NUMBER_OF_DEPOTS_SERVED > 1) AND (MileageBand LIKE 'LT1000*')",,,,,2023-04-14 13:17:22
Returns_3in1,ReplenishmentPolicies,"Status='Include'","(SourceName LIKE 'R*') AND (GreenfieldCandidate LIKE 'Y*') AND (SOIPPlan LIKE 'n*') AND (CPUDEDICATED != 'C' AND CPUDEDICATED != 'D' AND CPUDEDICATED != 'ND' AND CPUDEDICATED != 'NC') AND (MONTHLY_AVG < 3500) AND (NUMBER_OF_DEPOTS_SERVED > 1) AND (MileageBand LIKE 'LT1500*')",,,,,2023-04-14 13:17:22
Puerto Rico Returns - Keep to SOIP,ReplenishmentPolicies,"Status='Exclude'","(DDepotType LIKE 'PR*') AND (GreenfieldCandidate LIKE 'Y*') AND (SOIPPlan LIKE 'N*')",,,,,2023-04-14 13:17:22
Adjust Atlas - Hazleton Option,CustomerFulfillmentPolicies,"Status='Include'","(CustomerName LIKE 'I_USA17033_45786*' OR CustomerName LIKE 'I_USA17033_55754*' OR CustomerName LIKE 'I_USA22603_53908*' OR CustomerName LIKE 'I_USA17241_75875*' OR CustomerName LIKE 'I_USA8817_75870*') AND (SourceName LIKE 'D_USA18202_50843*')",,,,,2023-04-14 13:17:22
Adjust Atlas - Gaffney Option,CustomerFulfillmentPolicies,"Status='Include'","(CustomerName LIKE 'I_USA27105_69800*' OR CustomerName LIKE 'I_USA27860_68071*') AND (SourceName LIKE 'D_USA29340_60457*')",,,,,2023-04-14 13:17:22
Issues - Optimization,CustomerFulfillmentPolicies,"Status='Include'","AddToModel = 'Y'",,,,,2023-04-14 13:17:22
Max WIP Inventory - Expression Constraints_supporting_item,UserDefinedVariables,"Status='Include'","VariableName LIKE 'MaxWIPInventory*'",,,,,2023-04-14 13:17:22
Exclude_Customer_81399,Customers,"Status='Exclude'","corpcode='81399'",Include,,,,2023-04-14 13:17:22
Update_production_constraints_81399,ProductionConstraints,constraintvalue = account_81399,,Include,,,,2023-04-14 13:17:22
Exclude_Customer_81384,Customers,"Status='Exclude'","corpcode='81384'",Include,,,,2023-04-14 13:17:22
Update_production_constraints_81384,ProductionConstraints,constraintvalue = account_81384,,Include,,,,2023-04-14 13:17:22
Hazleton Storage - Services Hazleton Only SS,ReplenishmentPolicies,"Status='Exclude'","(FacilityName != 'D_USA18202_50843') AND (SourceName LIKE 'D_USA18202_68941*') AND (Notes LIKE 'Baseline_Transfers*')",,,,,2023-04-14 13:17:22
Open Closest Depot for MFG Renters,CustomerFulfillmentPolicies,"Status='Include'","(CustomerName LIKE 'I_USA27360_45306*' OR CustomerName LIKE 'I_USA28086_65155*' OR CustomerName LIKE 'I_USA28166_67451*' OR CustomerName LIKE 'I_USA29072_59654*' OR CustomerName LIKE 'I_USA30144_56205*' OR CustomerName LIKE 'I_USA30701_67217*' OR CustomerName LIKE 'I_USA30720_45108*' OR CustomerName LIKE 'I_USA39401_64933*') AND (ClosestDepot LIKE 'Y*') AND (LiveLoad LIKE 'Y*')",,,,,2023-04-14 13:17:22
Monthly Adj Cottondale MFG - Period 02,ProductionConstraints,ConstraintValue=ConstraintValue+903,"(PeriodName LIKE 'Period 02*') AND (FacilityName LIKE 'D_USA35401_46146*') AND (Notes LIKE 'SOIP_MFG*')",,,,,2023-04-14 13:17:22
Dedicated and CPU Lanes - Issues,CustomerFulfillmentPolicies,"Status='Include'","(CPUDedicated LIKE 'D*' OR CPUDedicated LIKE 'C*')",,,,,2023-04-14 13:17:22
Dedicated and CPU Lanes - Returns,ReplenishmentPolicies,"Status='Include'","(CPUDEDICATED LIKE 'C*' OR CPUDEDICATED LIKE 'D*')",,,,,2023-04-14 13:17:22
AOP 2023 - MFG,ProductionConstraints,"Status='Include'","Notes = 'MFG_AOP_2023'",,,,,2023-04-14 13:17:22
Exclude Base - Returns,ProductionConstraints,"Status='Exclude'","Notes = 'Returns_SeptemberSOIP'",,,,,2023-04-14 13:17:22
Exclude Base - Min Repairs,ProductionConstraints,"Status='Exclude'","Notes = 'MinRepairsPerDay'",,,,,2023-04-14 13:17:22
AOP 2023 - Min Repairs,ProductionConstraints,"Status='Include'","Notes = 'MinRepairsPerDay_AOP_2023'",,,,,2023-04-14 13:17:22
AOP 2023 - MFG Annual Cap,ProductionConstraints,"Status='Include'","Notes = 'AnnualMFG_Maximum'",,,,,2023-04-14 13:17:22
AOP 2023 - Increase MFG in Period 04 To offset Inv and Returns,ProductionConstraints,ConstraintValue=ConstraintValue+57642,"(PeriodName LIKE 'Period 01*' OR PeriodName LIKE 'Period 02*' OR PeriodName LIKE 'Period 03*' OR PeriodName LIKE 'Period 04*') AND (FacilityName LIKE 'D_USA35490_54027*' AND Notes = 'MFG_AOP_2023')",,,,,2023-04-14 13:17:22
